STATENAME,ST_CASE,FATALS,PERNOTMVIT,VE_TOTAL,PVH_INVL,PERSONS,PERMVIT,COUNTY,COUNTYNAME,CITY,CITYNAME,MONTH,MONTHNAME,DAY,DAYNAME,DAY_WEEK,DAY_WEEKNAME,YEAR,HOUR,HOURNAME,MINUTE,MINUTENAME,TWAY_ID,ROUTE,ROUTENAME,RUR_URB,RUR_URBNAME,FUNC_SYS,FUNC_SYSNAME,RD_OWNER,RD_OWNERNAME,SP_JUR,MILEPTNAME,LATITUDE,LATITUDENAME,LONGITUD,LONGITUDNAME,HARM_EV,HARM_EVNAME,MAN_COLL,RELJCT1NAME,RELJCT2,RELJCT2NAME,TYP_INT,TYP_INTNAME,REL_ROAD,WRK_ZONENAME,LGT_COND,LGT_CONDNAME,WEATHER,Hour
Hawaii,150001,2,1,1,1,1,3,HONOLULU (3),5900,KAILUA,1,January,2,2,2,Monday,2023,5,5:00am-5:59am,45,45,CR-AKIOHALA STREET,CR-KEOLU DRIVE,County,2,Urban,4,Minor Arterial,2,County Highway Agency,0,No Special Jurisdiction,21.38233611,21.38233611,-157.7404972,-157.7404972,8,Pedestrian,0,The First Harmful Event was Not a Collision with a Motor Vehicle in Transport,3,Intersection-Related,3,T-Intersection,1,On Roadway,3,Dark - Lighted,1,Clear,5
Hawaii,150002,1,1,1,4,4,1,HAWAII (1),7700,PAHOA,1,January,14,14,7,Saturday,2023,5,5:00am-5:59am,9,9,SR-130,,State Highway,2,Urban,3,Other Principal Arterial,1,State Highway Agency,0,No Special Jurisdiction,19.51332778,19.51332778,-154.9629194,-154.9629194,8,Pedestrian,0,The First Harmful Event was Not a Collision with a Motor Vehicle in Transport,1,Non-Junction,1,Not an Intersection,1,On Roadway,2,Dark - Not Lighted,1,Clear,5
Hawaii,150003,2,1,1,5,5,1,HAWAII (1),5500,KURTISTOWN,1,January,13,13,6,Friday,2023,22,10:00pm-10:59pm,0,0,CR-41ST AVE,CR-AULII STREET,County,2,Urban,4,Minor Arterial,2,County Highway Agency,0,No Special Jurisdiction,19.52950556,19.52950556,-155.0167722,-155.0167722,1,Rollover/Overturn,0,The First Harmful Event was Not a Collision with a Motor Vehicle in Transport,3,Intersection-Related,3,T-Intersection,2,On Shoulder,2,Dark - Not Lighted,1,Clear,22
Hawaii,150004,1,5,2,2,2,3,HONOLULU (3),2400,HONOLULU,1,January,28,28,7,Saturday,2023,2,2:00am-2:59am,29,29,CR-IOLANI AVE,,County,2,Urban,4,Minor Arterial,2,County Highway Agency,0,No Special Jurisdiction,21.30905,21.30905,-157.8495639,-157.8495639,12,Motor Vehicle In-Transport,7,Sideswipe - Same Direction,1,Non-Junction,1,Not an Intersection,1,On Roadway,3,Dark - Lighted,1,Clear,2
Hawaii,150005,1,1,1,1,1,3,HONOLULU (3),3500,KANE`OHE,1,January,29,29,1,Sunday,2023,18,6:00pm-6:59pm,50,50,I-H3,,Interstate,2,Urban,1,Interstate,1,State Highway Agency,1,No Special Jurisdiction,21.39275,21.39275,-157.8133111,-157.8133111,35,Embankment,0,The First Harmful Event was Not a Collision with a Motor Vehicle in Transport,1,Non-Junction,1,Not an Intersection,4,On Roadside,3,Dark - Lighted,2,Rain,18
Hawaii,150006,1,1,1,1,1,3,HONOLULU (3),3000,KAILUA,1,January,31,31,3,Tuesday,2023,17,5:00pm-5:59pm,33,33,CR-MOKAPU SADDLE ROAD,CR-KAPAA QUARRY ROAD,County,2,Urban,4,Minor Arterial,2,County Highway Agency,0,No Special Jurisdiction,21.40672778,21.40672778,-157.7582139,-157.7582139,9,Pedalcyclist,0,The First Harmful Event was Not a Collision with a Motor Vehicle in Transport,2,Intersection,2,Four-Way Intersection,1,On Roadway,1,Daylight,10,Cloudy,17
Hawaii,150007,1,3,3,4,4,3,HONOLULU (3),2400,HONOLULU,1,January,15,15,1,Sunday,2023,9,9:00am-9:59am,1,1,CR-KALAKAU AVE,CR-ALA WAI BLVD,County,2,Urban,4,Minor Arterial,2,County Highway Agency,0,No Special Jurisdiction,21.28853889,21.28853889,-157.8344194,-157.8344194,12,Motor Vehicle In-Transport,1,Front-to-Rear,3,Intersection-Related,2,Four-Way Intersection,1,On Roadway,1,Daylight,1,Clear,9
Hawaii,150008,3,2,2,2,2,9,MAUI (9),9300,WAILUKU HAWAIIAN HOME LAND (HISTORICAL),2,February,10,10,6,Friday,2023,22,10:00pm-10:59pm,57,57,SR-3400 WAIEHU BEACH ROAD,CR-EHA STREET,State Highway,2,Urban,3,Other Principal Arterial,1,State Highway Agency,1,No Special Jurisdiction,20.90628056,20.90628056,-156.4870667,-156.4870667,12,Motor Vehicle In-Transport,6,Angle,2,Intersection,2,Four-Way Intersection,1,On Roadway,3,Dark - Lighted,10,Cloudy,22
Hawaii,150009,1,2,2,6,6,3,HONOLULU (3),2400,HONOLULU,2,February,14,14,3,Tuesday,2023,5,5:00am-5:59am,30,30,SR-63,,State Highway,2,Urban,3,Other Principal Arterial,1,State Highway Agency,1,No Special Jurisdiction,21.36627222,21.36627222,-157.8437194,-157.8437194,8,Pedestrian,0,The First Harmful Event was Not a Collision with a Motor Vehicle in Transport,1,Non-Junction,1,Not an Intersection,1,On Roadway,3,Dark - Lighted,2,Rain,5
Hawaii,150010,4,1,1,3,3,1,HAWAII (1),9260,WAIKOLOA VILLAGE,2,February,5,5,1,Sunday,2023,3,3:00am-3:59am,26,26,SR-19,,State Highway,2,Urban,3,Other Principal Arterial,1,State Highway Agency,1,No Special Jurisdiction,19.92186944,19.92186944,-155.8604806,-155.8604806,30,Utility Pole/Light Support,0,The First Harmful Event was Not a Collision with a Motor Vehicle in Transport,1,Non-Junction,1,Not an Intersection,12,Pedestrian Refuge Island or Traffic Island,7,Other,1,Clear,3
Hawaii,150011,2,1,1,1,1,3,HONOLULU (3),2400,HONOLULU,2,February,15,15,4,Wednesday,2023,6,6:00am-6:59am,41,41,CR-KAPIOLANI BLVD,CR-KAMAKEE STREET,County,2,Urban,4,Minor Arterial,2,County Highway Agency,0,No Special Jurisdiction,21.29645556,21.29645556,-157.849925,-157.849925,8,Pedestrian,0,The First Harmful Event was Not a Collision with a Motor Vehicle in Transport,2,Intersection,3,T-Intersection,1,On Roadway,3,Dark - Lighted,1,Clear,6
Hawaii,150012,1,2,2,2,2,3,HONOLULU (3),2400,HONOLULU,2,February,14,14,3,Tuesday,2023,16,4:00pm-4:59pm,6,6,CR-KALIHI STREET,,County,2,Urban,4,Minor Arterial,2,County Highway Agency,0,No Special Jurisdiction,21.34706667,21.34706667,-157.8610611,-157.8610611,12,Motor Vehicle In-Transport,6,Angle,8,Driveway Access Related,1,Not an Intersection,1,On Roadway,1,Daylight,10,Cloudy,16
Hawaii,150013,2,1,1,1,1,3,HONOLULU (3),2790,KAHALU`U,2,February,17,17,6,Friday,2023,20,8:00pm-8:59pm,40,40,SR-83,,State Highway,2,Urban,3,Other Principal Arterial,1,State Highway Agency,1,No Special Jurisdiction,21.52628056,21.52628056,-157.8347972,-157.8347972,39,Wall,0,The First Harmful Event was Not a Collision with a Motor Vehicle in Transport,1,Non-Junction,1,Not an Intersection,4,On Roadside,3,Dark - Lighted,2,Rain,20
Hawaii,150014,2,2,2,2,2,3,HONOLULU (3),9600,WAIPAHU,2,February,18,18,7,Saturday,2023,21,9:00pm-9:59pm,43,43,SR-93,CR-PAIWA STREET,State Highway,2,Urban,3,Other Principal Arterial,1,State Highway Agency,1,No Special Jurisdiction,21.38675833,21.38675833,-157.9980361,-157.9980361,12,Motor Vehicle In-Transport,6,Angle,2,Intersection,2,Four-Way Intersection,1,On Roadway,3,Dark - Lighted,1,Clear,21
Hawaii,150016,1,1,1,1,1,3,HONOLULU (3),8200,PEARL CITY,2,February,25,25,7,Saturday,2023,22,10:00pm-10:59pm,30,30,CR-BENNION DRIVE,,County,2,Urban,4,Minor Arterial,74,Navy/Marines,0,Military,21.34966667,21.34966667,-157.9266889,-157.9266889,33,Curb,0,The First Harmful Event was Not a Collision with a Motor Vehicle in Transport,1,Non-Junction,1,Not an Intersection,4,On Roadside,3,Dark - Lighted,1,Clear,22
Hawaii,150017,2,1,1,1,1,3,HONOLULU (3),9997,Other,3,March,5,5,1,Sunday,2023,23,11:00pm-11:59pm,17,17,SR-83,,State Highway,2,Urban,3,Other Principal Arterial,1,State Highway Agency,1,No Special Jurisdiction,21.57464444,21.57464444,-157.8779028,-157.8779028,5,Fell/Jumped from Vehicle,0,The First Harmful Event was Not a Collision with a Motor Vehicle in Transport,1,Non-Junction,1,Not an Intersection,4,On Roadside,3,Dark - Lighted,98,Not Reported,23
Hawaii,150018,1,1,1,1,1,3,HONOLULU (3),2400,HONOLULU,3,March,12,12,1,Sunday,2023,0,0:00am-0:59am,40,40,I-H1,,Interstate,2,Urban,1,Interstate,1,State Highway Agency,1,No Special Jurisdiction,21.3232,21.3232,-157.86155,-157.86155,24,Guardrail Face,0,The First Harmful Event was Not a Collision with a Motor Vehicle in Transport,1,Non-Junction,1,Not an Intersection,4,On Roadside,3,Dark - Lighted,1,Clear,0
Hawaii,150019,1,1,1,2,2,1,HAWAII (1),7700,PAHOA,2,February,26,26,1,Sunday,2023,19,7:00pm-7:59pm,37,37,SR-137,,State Highway,1,Rural,3,Other Principal Arterial,1,State Highway Agency,1,No Special Jurisdiction,19.44630833,19.44630833,-154.8559472,-154.8559472,35,Embankment,0,The First Harmful Event was Not a Collision with a Motor Vehicle in Transport,1,Non-Junction,1,Not an Intersection,4,On Roadside,2,Dark - Not Lighted,2,Rain,19
Hawaii,150021,3,1,1,2,2,9,MAUI (9),9997,Other,4,April,3,3,2,Monday,2023,19,7:00pm-7:59pm,40,40,SR-30,,State Highway,1,Rural,3,Other Principal Arterial,1,State Highway Agency,1,No Special Jurisdiction,20.80923056,20.80923056,-156.6055444,-156.6055444,8,Pedestrian,0,The First Harmful Event was Not a Collision with a Motor Vehicle in Transport,1,Non-Junction,1,Not an Intersection,1,On Roadway,2,Dark - Not Lighted,1,Clear,19
Hawaii,150022,1,1,1,1,1,9,MAUI (9),2900,KAHULUI,4,April,4,4,3,Tuesday,2023,23,11:00pm-11:59pm,31,31,CR-PUUNENE AVE,,County,2,Urban,4,Minor Arterial,2,County Highway Agency,0,No Special Jurisdiction,20.88676389,20.88676389,-156.4652528,-156.4652528,8,Pedestrian,0,The First Harmful Event was Not a Collision with a Motor Vehicle in Transport,1,Non-Junction,1,Not an Intersection,1,On Roadway,3,Dark - Lighted,1,Clear,23
Hawaii,150023,1,1,1,1,1,9,MAUI (9),4800,KIHEI,4,April,5,5,4,Wednesday,2023,4,4:00am-4:59am,5,5,CR-PIIKEA AVE,,County,2,Urban,4,Minor Arterial,2,County Highway Agency,0,No Special Jurisdiction,20.750525,20.750525,-156.4525111,-156.4525111,8,Pedestrian,0,The First Harmful Event was Not a Collision with a Motor Vehicle in Transport,1,Non-Junction,1,Not an Intersection,1,On Roadway,2,Dark - Not Lighted,1,Clear,4
Hawaii,150024,4,2,2,2,2,3,HONOLULU (3),6285,MAKAHA,4,April,9,9,1,Sunday,2023,18,6:00pm-6:59pm,0,0,SR-93,,State Highway,2,Urban,3,Other Principal Arterial,1,State Highway Agency,1,No Special Jurisdiction,21.52032222,21.52032222,-158.2278111,-158.2278111,12,Motor Vehicle In-Transport,6,Angle,1,Non-Junction,1,Not an Intersection,1,On Roadway,1,Daylight,1,Clear,18
Hawaii,150025,1,1,1,1,1,3,HONOLULU (3),3500,KANE`OHE,4,April,15,15,7,Saturday,2023,1,1:00am-1:59am,22,22,SR-83,SR-63,State Highway,2,Urban,3,Other Principal Arterial,1,State Highway Agency,1,No Special Jurisdiction,21.40295278,21.40295278,-157.8073056,-157.8073056,25,Concrete Traffic Barrier,0,The First Harmful Event was Not a Collision with a Motor Vehicle in Transport,3,Intersection-Related,2,Four-Way Intersection,3,On Median,3,Dark - Lighted,10,Cloudy,1
Hawaii,150026,1,1,1,1,1,3,HONOLULU (3),9997,Other,4,April,15,15,7,Saturday,2023,2,2:00am-2:59am,56,56,I-H1,,Interstate,2,Urban,1,Interstate,1,State Highway Agency,1,No Special Jurisdiction,21.32348333,21.32348333,-157.8621,-157.8621,24,Guardrail Face,0,The First Harmful Event was Not a Collision with a Motor Vehicle in Transport,1,Non-Junction,1,Not an Intersection,4,On Roadside,3,Dark - Lighted,1,Clear,3
Hawaii,150027,2,2,2,3,3,3,HONOLULU (3),9600,WAIPAHU,4,April,15,15,7,Saturday,2023,16,4:00pm-4:59pm,9,9,I-H2,,Interstate,2,Urban,1,Interstate,1,State Highway Agency,1,No Special Jurisdiction,21.426375,21.426375,-157.9955889,-157.9955889,12,Motor Vehicle In-Transport,1,Front-to-Rear,20,Entrance/Exit Ramp,1,Not an Intersection,1,On Roadway,1,Daylight,1,Clear,16
Hawaii,150028,2,1,1,1,1,1,HAWAII (1),3002,KAILUA KONA,4,April,4,4,3,Tuesday,2023,14,2:00pm-2:59pm,36,36,CR-KAIMINANI DRIVE,,County,2,Urban,4,Minor Arterial,2,County Highway Agency,0,No Special Jurisdiction,19.71978611,19.71978611,-156.0042417,-156.0042417,35,Embankment,0,The First Harmful Event was Not a Collision with a Motor Vehicle in Transport,1,Non-Junction,1,Not an Intersection,4,On Roadside,1,Daylight,1,Clear,14
Hawaii,150029,1,1,1,1,1,3,HONOLULU (3),2400,HONOLULU,4,April,25,25,3,Tuesday,2023,19,7:00pm-7:59pm,55,55,SR-72,,State Highway,2,Urban,3,Other Principal Arterial,1,State Highway Agency,1,No Special Jurisdiction,21.28259722,21.28259722,-157.7145528,-157.7145528,33,Curb,0,The First Harmful Event was Not a Collision with a Motor Vehicle in Transport,1,Non-Junction,1,Not an Intersection,4,On Roadside,3,Dark - Lighted,1,Clear,19
Hawaii,150030,4,1,1,1,1,3,HONOLULU (3),2400,HONOLULU,4,April,25,25,3,Tuesday,2023,21,9:00pm-9:59pm,41,41,SR-92,,State Highway,2,Urban,3,Other Principal Arterial,1,State Highway Agency,1,No Special Jurisdiction,21.34279444,21.34279444,-157.9355056,-157.9355056,9,Pedalcyclist,0,The First Harmful Event was Not a Collision with a Motor Vehicle in Transport,1,Non-Junction,1,Not an Intersection,1,On Roadway,2,Dark - Not Lighted,1,Clear,21
Hawaii,150031,1,1,1,1,1,3,HONOLULU (3),2400,HONOLULU,4,April,29,29,7,Saturday,2023,23,11:00pm-11:59pm,47,47,SR-92,CR-PUUHALE ROAD,State Highway,2,Urban,3,Other Principal Arterial,1,State Highway Agency,1,No Special Jurisdiction,21.32707778,21.32707778,-157.8852639,-157.8852639,8,Pedestrian,0,The First Harmful Event was Not a Collision with a Motor Vehicle in Transport,3,Intersection-Related,2,Four-Way Intersection,1,On Roadway,3,Dark - Lighted,1,Clear,23
Hawaii,150032,2,1,1,1,1,3,HONOLULU (3),3627,KAPOLEI,4,April,30,30,1,Sunday,2023,1,1:00am-1:59am,30,30,CR-KAPOLEI PARKWAY,,County,2,Urban,4,Minor Arterial,2,County Highway Agency,0,No Special Jurisdiction,21.33499167,21.33499167,-158.0482194,-158.0482194,33,Curb,0,The First Harmful Event was Not a Collision with a Motor Vehicle in Transport,1,Non-Junction,1,Not an Intersection,3,On Median,3,Dark - Lighted,1,Clear,1
Hawaii,150033,1,1,1,1,1,3,HONOLULU (3),9600,WAIPAHU,4,April,30,30,1,Sunday,2023,8,8:00am-8:59am,58,58,SR-76 KUNIA ROAD,,State Highway,2,Urban,3,Other Principal Arterial,1,State Highway Agency,1,No Special Jurisdiction,21.37609722,21.37609722,-158.0273611,-158.0273611,5,Fell/Jumped from Vehicle,0,The First Harmful Event was Not a Collision with a Motor Vehicle in Transport,5,Entrance/Exit Ramp Related,1,Not an Intersection,4,On Roadside,1,Daylight,1,Clear,9
Hawaii,150034,2,1,1,1,1,7,KAUAI (7),3600,KAPA`A,3,March,26,26,1,Sunday,2023,21,9:00pm-9:59pm,34,34,SR-56,CR-KUKUI STREET,State Highway,2,Urban,3,Other Principal Arterial,1,State Highway Agency,1,No Special Jurisdiction,22.07613056,22.07613056,-159.3181361,-159.3181361,8,Pedestrian,0,The First Harmful Event was Not a Collision with a Motor Vehicle in Transport,3,Intersection-Related,7,"Five Point, or More",1,On Roadway,3,Dark - Lighted,2,Rain,21
Hawaii,150035,1,1,1,3,3,1,HAWAII (1),4150,KEA`AU,4,April,20,20,5,Thursday,2023,18,6:00pm-6:59pm,55,55,SR-130,,State Highway,2,Urban,3,Other Principal Arterial,1,State Highway Agency,1,No Special Jurisdiction,19.55828056,19.55828056,-154.9905806,-154.9905806,8,Pedestrian,0,The First Harmful Event was Not a Collision with a Motor Vehicle in Transport,1,Non-Junction,1,Not an Intersection,1,On Roadway,5,Dusk,1,Clear,18
Hawaii,150036,1,2,2,2,2,3,HONOLULU (3),8900,WAHIAWA,5,May,4,4,5,Thursday,2023,5,5:00am-5:59am,45,45,SR-99 WILIKINA DRIVE,CR-LAKEVIEW DRIVE,State Highway,2,Urban,3,Other Principal Arterial,1,State Highway Agency,1,No Special Jurisdiction,21.48941389,21.48941389,-158.0352667,-158.0352667,12,Motor Vehicle In-Transport,6,Angle,2,Intersection,3,T-Intersection,1,On Roadway,4,Dawn,10,Cloudy,5
Hawaii,150037,3,1,1,1,1,3,HONOLULU (3),9997,Other,5,May,12,12,6,Friday,2023,20,8:00pm-8:59pm,10,10,SR-72,CR-KEAHOLE STREET,State Highway,2,Urban,3,Other Principal Arterial,1,State Highway Agency,1,No Special Jurisdiction,21.28294167,21.28294167,-157.7151528,-157.7151528,9,Pedalcyclist,0,The First Harmful Event was Not a Collision with a Motor Vehicle in Transport,3,Intersection-Related,2,Four-Way Intersection,1,On Roadway,3,Dark - Lighted,1,Clear,20
Hawaii,150038,2,1,1,1,1,3,HONOLULU (3),2800,KAHUKU,5,May,14,14,1,Sunday,2023,22,10:00pm-10:59pm,45,45,SR-83,,State Highway,2,Urban,3,Other Principal Arterial,1,State Highway Agency,1,No Special Jurisdiction,21.69329722,21.69329722,-158.0189583,-158.0189583,31,"Post, Pole or Other Supports",0,The First Harmful Event was Not a Collision with a Motor Vehicle in Transport,1,Non-Junction,1,Not an Intersection,4,On Roadside,2,Dark - Not Lighted,1,Clear,22
Hawaii,150039,1,1,1,1,1,1,HAWAII (1),3002,KAILUA KONA,3,March,7,7,3,Tuesday,2023,22,10:00pm-10:59pm,19,19,CR-HINA LANI STREET,SR-19,County,2,Urban,4,Minor Arterial,2,County Highway Agency,0,No Special Jurisdiction,19.69046667,19.69046667,-156.0227944,-156.0227944,46,Traffic Signal Support,0,The First Harmful Event was Not a Collision with a Motor Vehicle in Transport,3,Intersection-Related,3,T-Intersection,12,Pedestrian Refuge Island or Traffic Island,6,Dark - Unknown Lighting,1,Clear,22
Hawaii,150040,1,1,1,1,1,1,HAWAII (1),8850,VOLCANO,5,May,14,14,1,Sunday,2023,20,8:00pm-8:59pm,11,11,SR-11,,State Highway,1,Rural,3,Other Principal Arterial,1,State Highway Agency,1,No Special Jurisdiction,19.488225,19.488225,-155.1513806,-155.1513806,8,Pedestrian,0,The First Harmful Event was Not a Collision with a Motor Vehicle in Transport,1,Non-Junction,1,Not an Intersection,2,On Shoulder,2,Dark - Not Lighted,2,Rain,99
Hawaii,150041,1,1,1,1,1,3,HONOLULU (3),501,`EWA BEACH,6,June,4,4,1,Sunday,2023,2,2:00am-2:59am,17,17,CR-WEST LOCH DRIVE,,County,2,Urban,4,Minor Arterial,2,County Highway Agency,0,No Special Jurisdiction,21.34099167,21.34099167,-158.0018611,-158.0018611,35,Embankment,0,The First Harmful Event was Not a Collision with a Motor Vehicle in Transport,1,Non-Junction,1,Not an Intersection,4,On Roadside,2,Dark - Not Lighted,10,Cloudy,2
Hawaii,150042,1,1,1,1,1,9,MAUI (9),9997,Other,6,June,6,6,3,Tuesday,2023,8,8:00am-8:59am,21,21,SR-30,CR-LAHAINA BYPASS ROAD,State Highway,2,Urban,3,Other Principal Arterial,1,State Highway Agency,1,No Special Jurisdiction,20.83583056,20.83583056,-156.6424417,-156.6424417,9,Pedalcyclist,0,The First Harmful Event was Not a Collision with a Motor Vehicle in Transport,2,Intersection,3,T-Intersection,1,On Roadway,1,Daylight,1,Clear,8
Hawaii,150043,1,1,1,1,1,3,HONOLULU (3),100,`AIEA,6,June,15,15,5,Thursday,2023,23,11:00pm-11:59pm,35,35,I-H1,,Interstate,2,Urban,1,Interstate,1,State Highway Agency,1,No Special Jurisdiction,21.38904444,21.38904444,-157.9427806,-157.9427806,31,"Post, Pole or Other Supports",0,The First Harmful Event was Not a Collision with a Motor Vehicle in Transport,1,Non-Junction,1,Not an Intersection,4,On Roadside,3,Dark - Lighted,1,Clear,23
Hawaii,150044,1,1,1,1,1,9,MAUI (9),9997,Other,4,April,27,27,5,Thursday,2023,19,7:00pm-7:59pm,57,57,CR-WAINEE STREET,,County,2,Urban,4,Minor Arterial,2,County Highway Agency,0,No Special Jurisdiction,20.87672222,20.87672222,-156.6783278,-156.6783278,8,Pedestrian,0,The First Harmful Event was Not a Collision with a Motor Vehicle in Transport,4,Driveway Access,1,Not an Intersection,1,On Roadway,3,Dark - Lighted,1,Clear,19
Hawaii,150045,1,2,2,3,3,9,MAUI (9),7800,PA`IA,5,May,29,29,2,Monday,2023,14,2:00pm-2:59pm,5,5,SR-36,,State Highway,2,Urban,3,Other Principal Arterial,1,State Highway Agency,1,No Special Jurisdiction,20.92853611,20.92853611,-156.3663861,-156.3663861,12,Motor Vehicle In-Transport,2,Front-to-Front,1,Non-Junction,1,Not an Intersection,1,On Roadway,1,Daylight,1,Clear,14
Hawaii,150046,1,1,1,1,1,1,HAWAII (1),3002,KAILUA KONA,6,June,18,18,1,Sunday,2023,11,11:00am-11:59am,43,43,CR-KAIMINANI DRIVE,,County,2,Urban,4,Minor Arterial,2,County Highway Agency,0,No Special Jurisdiction,19.72550833,19.72550833,-156.0337139,-156.0337139,1,Rollover/Overturn,0,The First Harmful Event was Not a Collision with a Motor Vehicle in Transport,1,Non-Junction,1,Not an Intersection,1,On Roadway,1,Daylight,1,Clear,11
Hawaii,150047,1,1,1,1,1,9,MAUI (9),2900,KAHULUI,7,July,27,27,5,Thursday,2023,11,11:00am-11:59am,25,25,CR-PULEHU ROAD,,County,1,Rural,4,Minor Arterial,2,County Highway Agency,0,No Special Jurisdiction,20.85461389,20.85461389,-156.4211639,-156.4211639,9,Pedalcyclist,0,The First Harmful Event was Not a Collision with a Motor Vehicle in Transport,1,Non-Junction,1,Not an Intersection,1,On Roadway,1,Daylight,1,Clear,11
Hawaii,150048,6,2,2,3,3,9,MAUI (9),9997,Other,8,August,2,2,4,Wednesday,2023,3,3:00am-3:59am,8,8,SR-30,,State Highway,2,Urban,3,Other Principal Arterial,1,State Highway Agency,1,No Special Jurisdiction,20.90445278,20.90445278,-156.6856583,-156.6856583,12,Motor Vehicle In-Transport,2,Front-to-Front,1,Non-Junction,1,Not an Intersection,1,On Roadway,2,Dark - Not Lighted,1,Clear,3
Hawaii,150049,2,1,1,2,2,3,HONOLULU (3),9400,WAIMANALO,8,August,2,2,4,Wednesday,2023,13,1:00pm-1:59pm,0,0,SR-72,,State Highway,2,Urban,3,Other Principal Arterial,1,State Highway Agency,1,No Special Jurisdiction,21.32385556,21.32385556,-157.679,-157.679,9,Pedalcyclist,0,The First Harmful Event was Not a Collision with a Motor Vehicle in Transport,1,Non-Junction,1,Not an Intersection,1,On Roadway,1,Daylight,1,Clear,13
Hawaii,150050,2,4,4,5,5,3,HONOLULU (3),100,`AIEA,8,August,3,3,5,Thursday,2023,15,3:00pm-3:59pm,18,18,I-H1,,Interstate,2,Urban,1,Interstate,1,State Highway Agency,1,No Special Jurisdiction,21.38873611,21.38873611,-157.9417444,-157.9417444,12,Motor Vehicle In-Transport,1,Front-to-Rear,1,Non-Junction,1,Not an Intersection,1,On Roadway,1,Daylight,1,Clear,15
Hawaii,150051,1,2,1,1,1,3,HONOLULU (3),100,`AIEA,8,August,7,7,2,Monday,2023,17,5:00pm-5:59pm,30,30,I-H1,,Interstate,2,Urban,1,Interstate,1,State Highway Agency,1,No Special Jurisdiction,21.37767222,21.37767222,-157.9270833,-157.9270833,14,Parked Motor Vehicle,0,The First Harmful Event was Not a Collision with a Motor Vehicle in Transport,5,Entrance/Exit Ramp Related,1,Not an Intersection,2,On Shoulder,1,Daylight,1,Clear,17
Hawaii,150052,1,1,1,1,1,3,HONOLULU (3),3627,KAPOLEI,7,July,11,11,3,Tuesday,2023,21,9:00pm-9:59pm,1,1,SR-93,,State Highway,2,Urban,3,Other Principal Arterial,1,State Highway Agency,1,No Special Jurisdiction,21.34088056,21.34088056,-158.0743056,-158.0743056,33,Curb,0,The First Harmful Event was Not a Collision with a Motor Vehicle in Transport,1,Non-Junction,1,Not an Intersection,3,On Median,3,Dark - Lighted,1,Clear,21
Hawaii,150053,3,1,1,1,1,3,HONOLULU (3),6900,NANAKULI,8,August,10,10,5,Thursday,2023,0,0:00am-0:59am,50,50,SR-93,,State Highway,2,Urban,3,Other Principal Arterial,1,State Highway Agency,1,No Special Jurisdiction,21.38420278,21.38420278,-158.1483444,-158.1483444,33,Curb,0,The First Harmful Event was Not a Collision with a Motor Vehicle in Transport,1,Non-Junction,1,Not an Intersection,4,On Roadside,3,Dark - Lighted,1,Clear,0
Hawaii,150054,1,1,1,2,2,3,HONOLULU (3),8900,WAHIAWA,8,August,6,6,1,Sunday,2023,11,11:00am-11:59am,8,8,SR-99,,State Highway,2,Urban,3,Other Principal Arterial,1,State Highway Agency,1,No Special Jurisdiction,21.48874722,21.48874722,-158.0376611,-158.0376611,8,Pedestrian,0,The First Harmful Event was Not a Collision with a Motor Vehicle in Transport,1,Non-Junction,1,Not an Intersection,1,On Roadway,1,Daylight,1,Clear,11
Hawaii,150055,2,1,1,1,1,3,HONOLULU (3),2400,HONOLULU,8,August,13,13,1,Sunday,2023,21,9:00pm-9:59pm,10,10,I-H1,,Interstate,2,Urban,1,Interstate,1,State Highway Agency,1,No Special Jurisdiction,21.33313611,21.33313611,-157.8907417,-157.8907417,8,Pedestrian,0,The First Harmful Event was Not a Collision with a Motor Vehicle in Transport,20,Entrance/Exit Ramp,1,Not an Intersection,1,On Roadway,2,Dark - Not Lighted,1,Clear,21
Hawaii,150056,1,1,1,1,1,3,HONOLULU (3),6286,MAKAKILO CITY,8,August,15,15,3,Tuesday,2023,21,9:00pm-9:59pm,29,29,CR-MAKAKILO DRIVE,,County,2,Urban,4,Minor Arterial,2,County Highway Agency,0,No Special Jurisdiction,21.35110278,21.35110278,-158.0883639,-158.0883639,33,Curb,0,The First Harmful Event was Not a Collision with a Motor Vehicle in Transport,1,Non-Junction,1,Not an Intersection,3,On Median,3,Dark - Lighted,1,Clear,21
Hawaii,150057,2,2,2,3,3,3,HONOLULU (3),8900,WAHIAWA,8,August,21,21,2,Monday,2023,17,5:00pm-5:59pm,0,0,CR-KAUKONAHUA ROAD,,County,2,Urban,4,Minor Arterial,2,County Highway Agency,0,No Special Jurisdiction,21.521675,21.521675,-158.0721833,-158.0721833,5,Fell/Jumped from Vehicle,0,The First Harmful Event was Not a Collision with a Motor Vehicle in Transport,1,Non-Junction,1,Not an Intersection,1,On Roadway,1,Daylight,1,Clear,17
Hawaii,150058,2,1,1,1,1,3,HONOLULU (3),9605,WAIPI`O ACRES,8,August,22,22,3,Tuesday,2023,20,8:00pm-8:59pm,0,0,NONE,,Trafficway Not in State Inventory,6,Trafficway Not in State Inventory,96,Trafficway Not in State Inventory,96,Trafficway Not in State Inventory,0,No Special Jurisdiction,21.42690556,21.42690556,-158.0012639,-158.0012639,18,Other Object (not fixed),0,The First Harmful Event was Not a Collision with a Motor Vehicle in Transport,1,Non-Junction,1,Not an Intersection,7,In Parking Lane/Zone,3,Dark - Lighted,1,Clear,20
Hawaii,150059,1,1,1,2,2,1,HAWAII (1),9997,Other,8,August,13,13,1,Sunday,2023,20,8:00pm-8:59pm,8,8,SR-11,,State Highway,1,Rural,3,Other Principal Arterial,1,State Highway Agency,1,No Special Jurisdiction,19.11846111,19.11846111,-155.83415,-155.83415,39,Wall,0,The First Harmful Event was Not a Collision with a Motor Vehicle in Transport,1,Non-Junction,1,Not an Intersection,4,On Roadside,2,Dark - Not Lighted,10,Cloudy,20
Hawaii,150060,1,3,3,3,3,3,HONOLULU (3),2400,HONOLULU,9,September,7,7,5,Thursday,2023,16,4:00pm-4:59pm,25,25,CR-KAPIOLANI BLVD,,County,2,Urban,4,Minor Arterial,2,County Highway Agency,0,No Special Jurisdiction,21.29947222,21.29947222,-157.8531083,-157.8531083,12,Motor Vehicle In-Transport,6,Angle,8,Driveway Access Related,1,Not an Intersection,1,On Roadway,1,Daylight,1,Clear,16
Hawaii,150061,1,2,2,3,3,7,KAUAI (7),4900,KILAUEA,8,August,12,12,7,Saturday,2023,19,7:00pm-7:59pm,31,31,SR-56,CR-WAIAKALUA ROAD,State Highway,1,Rural,3,Other Principal Arterial,1,State Highway Agency,1,No Special Jurisdiction,22.202825,22.202825,-159.3754667,-159.3754667,12,Motor Vehicle In-Transport,6,Angle,2,Intersection,3,T-Intersection,1,On Roadway,2,Dark - Not Lighted,1,Clear,19
Hawaii,150062,1,1,1,1,1,3,HONOLULU (3),501,`EWA BEACH,9,September,13,13,4,Wednesday,2023,22,10:00pm-10:59pm,42,42,CR-FORT WEAVER ROAD EXIT RAMP,,County,2,Urban,4,Minor Arterial,2,County Highway Agency,0,No Special Jurisdiction,21.37624167,21.37624167,-158.0259139,-158.0259139,30,Utility Pole/Light Support,0,The First Harmful Event was Not a Collision with a Motor Vehicle in Transport,5,Entrance/Exit Ramp Related,1,Not an Intersection,4,On Roadside,3,Dark - Lighted,1,Clear,22
Hawaii,150063,1,1,1,1,1,3,HONOLULU (3),9605,WAIPI`O ACRES,9,September,11,11,2,Monday,2023,2,2:00am-2:59am,31,31,CR-PAIWA STREET,,County,2,Urban,4,Minor Arterial,2,County Highway Agency,0,No Special Jurisdiction,21.39901667,21.39901667,-158.0098444,-158.0098444,33,Curb,0,The First Harmful Event was Not a Collision with a Motor Vehicle in Transport,1,Non-Junction,1,Not an Intersection,3,On Median,3,Dark - Lighted,1,Clear,2
Hawaii,150064,1,1,1,1,1,1,HAWAII (1),1900,HILO,9,September,2,2,7,Saturday,2023,0,0:00am-0:59am,36,36,CR-KILAUEA AVE,,County,2,Urban,4,Minor Arterial,2,County Highway Agency,0,No Special Jurisdiction,19.69583889,19.69583889,-155.0683861,-155.0683861,30,Utility Pole/Light Support,0,The First Harmful Event was Not a Collision with a Motor Vehicle in Transport,1,Non-Junction,1,Not an Intersection,4,On Roadside,2,Dark - Not Lighted,1,Clear,0
Hawaii,150065,2,1,1,1,1,9,MAUI (9),2900,KAHULUI,9,September,22,22,6,Friday,2023,19,7:00pm-7:59pm,41,41,SR-36,,State Highway,2,Urban,3,Other Principal Arterial,1,State Highway Agency,1,No Special Jurisdiction,20.88405,20.88405,-156.4275861,-156.4275861,8,Pedestrian,0,The First Harmful Event was Not a Collision with a Motor Vehicle in Transport,1,Non-Junction,1,Not an Intersection,2,On Shoulder,2,Dark - Not Lighted,2,Rain,19
Hawaii,150066,1,2,2,4,4,3,HONOLULU (3),9600,WAIPAHU,9,September,20,20,4,Wednesday,2023,19,7:00pm-7:59pm,35,35,I-H1,,Interstate,2,Urban,1,Interstate,1,State Highway Agency,1,No Special Jurisdiction,21.39832778,21.39832778,-158.0062944,-158.0062944,26,Other Traffic Barrier,0,The First Harmful Event was Not a Collision with a Motor Vehicle in Transport,1,Non-Junction,1,Not an Intersection,8,Gore,3,Dark - Lighted,1,Clear,19
Hawaii,150067,3,1,1,1,1,9,MAUI (9),4800,KIHEI,9,September,19,19,3,Tuesday,2023,2,2:00am-2:59am,48,48,SR-310,,State Highway,2,Urban,3,Other Principal Arterial,1,State Highway Agency,1,No Special Jurisdiction,20.79650833,20.79650833,-156.4859944,-156.4859944,38,Fence,0,The First Harmful Event was Not a Collision with a Motor Vehicle in Transport,1,Non-Junction,1,Not an Intersection,4,On Roadside,2,Dark - Not Lighted,1,Clear,2
Hawaii,150068,4,1,1,1,1,9,MAUI (9),9300,WAILUKU HAWAIIAN HOME LAND (HISTORICAL),10,October,3,3,3,Tuesday,2023,1,1:00am-1:59am,19,19,CR-KEHALANI MAUKA PRKWY,,County,2,Urban,4,Minor Arterial,2,County Highway Agency,0,No Special Jurisdiction,20.871175,20.871175,-156.5104139,-156.5104139,33,Curb,0,The First Harmful Event was Not a Collision with a Motor Vehicle in Transport,1,Non-Junction,1,Not an Intersection,4,On Roadside,2,Dark - Not Lighted,1,Clear,1
Hawaii,150069,1,1,1,1,1,7,KAUAI (7),6200,LIHU`E,9,September,27,27,4,Wednesday,2023,4,4:00am-4:59am,47,47,SR-51,,State Highway,2,Urban,3,Other Principal Arterial,1,State Highway Agency,1,No Special Jurisdiction,21.98824167,21.98824167,-159.3467278,-159.3467278,8,Pedestrian,0,The First Harmful Event was Not a Collision with a Motor Vehicle in Transport,1,Non-Junction,1,Not an Intersection,1,On Roadway,2,Dark - Not Lighted,10,Cloudy,4
Hawaii,150070,1,1,1,2,2,9,MAUI (9),2900,KAHULUI,10,October,7,7,7,Saturday,2023,0,0:00am-0:59am,4,4,CR-HOOKELE STREET,,County,2,Urban,4,Minor Arterial,2,County Highway Agency,0,No Special Jurisdiction,20.87693889,20.87693889,-156.4542639,-156.4542639,33,Curb,0,The First Harmful Event was Not a Collision with a Motor Vehicle in Transport,1,Non-Junction,1,Not an Intersection,4,On Roadside,3,Dark - Lighted,1,Clear,0
Hawaii,150071,1,1,1,1,1,3,HONOLULU (3),2400,HONOLULU,10,October,11,11,4,Wednesday,2023,22,10:00pm-10:59pm,9,9,I-H1 EXIT RAMP,,Interstate,2,Urban,1,Interstate,1,State Highway Agency,1,No Special Jurisdiction,21.33490556,21.33490556,-157.9189972,-157.9189972,25,Concrete Traffic Barrier,0,The First Harmful Event was Not a Collision with a Motor Vehicle in Transport,5,Entrance/Exit Ramp Related,1,Not an Intersection,4,On Roadside,3,Dark - Lighted,1,Clear,22
Hawaii,150072,1,1,1,1,1,1,HAWAII (1),1900,HILO,9,September,29,29,6,Friday,2023,19,7:00pm-7:59pm,15,15,CR-RAILROAD AVE,,County,2,Urban,4,Minor Arterial,2,County Highway Agency,0,No Special Jurisdiction,19.70725556,19.70725556,-155.061125,-155.061125,43,Other Fixed Object,0,The First Harmful Event was Not a Collision with a Motor Vehicle in Transport,1,Non-Junction,1,Not an Intersection,4,On Roadside,6,Dark - Unknown Lighting,10,Cloudy,19
Hawaii,150073,1,1,1,1,1,1,HAWAII (1),1900,HILO,10,October,3,3,3,Tuesday,2023,9,9:00am-9:59am,51,51,CR-AKOLEA ROAD,,County,2,Urban,4,Minor Arterial,2,County Highway Agency,0,No Special Jurisdiction,19.70891667,19.70891667,-155.1342583,-155.1342583,9,Pedalcyclist,0,The First Harmful Event was Not a Collision with a Motor Vehicle in Transport,1,Non-Junction,1,Not an Intersection,1,On Roadway,1,Daylight,1,Clear,9
Hawaii,150074,1,1,1,2,2,3,HONOLULU (3),3627,KAPOLEI,10,October,19,19,5,Thursday,2023,19,7:00pm-7:59pm,12,12,SR-93 EXIT RAMP,,State Highway,2,Urban,3,Other Principal Arterial,1,State Highway Agency,1,No Special Jurisdiction,21.34592222,21.34592222,-158.1219306,-158.1219306,42,Tree (Standing Only),0,The First Harmful Event was Not a Collision with a Motor Vehicle in Transport,5,Entrance/Exit Ramp Related,1,Not an Intersection,4,On Roadside,3,Dark - Lighted,1,Clear,19
Hawaii,150075,1,2,2,3,3,3,HONOLULU (3),2400,HONOLULU,10,October,4,4,4,Wednesday,2023,22,10:00pm-10:59pm,50,50,CR-SCHOOL STREET,,County,2,Urban,4,Minor Arterial,2,County Highway Agency,0,No Special Jurisdiction,21.33546944,21.33546944,-157.8689722,-157.8689722,12,Motor Vehicle In-Transport,6,Angle,8,Driveway Access Related,1,Not an Intersection,1,On Roadway,3,Dark - Lighted,1,Clear,23
Hawaii,150076,1,1,1,1,1,3,HONOLULU (3),2400,HONOLULU,10,October,27,27,6,Friday,2023,5,5:00am-5:59am,35,35,CR-KUAKINI STREET,,County,2,Urban,4,Minor Arterial,2,County Highway Agency,0,No Special Jurisdiction,21.32153889,21.32153889,-157.855475,-157.855475,8,Pedestrian,0,The First Harmful Event was Not a Collision with a Motor Vehicle in Transport,1,Non-Junction,1,Not an Intersection,1,On Roadway,4,Dawn,1,Clear,5
Hawaii,150077,1,1,1,1,1,3,HONOLULU (3),2400,HONOLULU,10,October,30,30,2,Monday,2023,6,6:00am-6:59am,18,18,SR-92 ALA MOANA BLVD,,State Highway,2,Urban,3,Other Principal Arterial,1,State Highway Agency,1,No Special Jurisdiction,21.28929722,21.28929722,-157.8422222,-157.8422222,8,Pedestrian,0,The First Harmful Event was Not a Collision with a Motor Vehicle in Transport,1,Non-Junction,1,Not an Intersection,1,On Roadway,4,Dawn,1,Clear,6
Hawaii,150078,1,2,2,3,3,3,HONOLULU (3),6900,NANAKULI,10,October,24,24,3,Tuesday,2023,19,7:00pm-7:59pm,26,26,SR-93,,State Highway,2,Urban,3,Other Principal Arterial,1,State Highway Agency,1,No Special Jurisdiction,21.35715556,21.35715556,-158.1301833,-158.1301833,12,Motor Vehicle In-Transport,6,Angle,8,Driveway Access Related,1,Not an Intersection,1,On Roadway,3,Dark - Lighted,1,Clear,19
Hawaii,150080,1,1,1,1,1,3,HONOLULU (3),8900,WAHIAWA,11,November,4,4,7,Saturday,2023,16,4:00pm-4:59pm,45,45,CR-KILANI STREET,CR-KOA STREET,County,2,Urban,4,Minor Arterial,2,County Highway Agency,0,No Special Jurisdiction,21.50058333,21.50058333,-158.0233611,-158.0233611,8,Pedestrian,0,The First Harmful Event was Not a Collision with a Motor Vehicle in Transport,3,Intersection-Related,3,T-Intersection,1,On Roadway,1,Daylight,1,Clear,16
Hawaii,150081,2,1,1,1,1,3,HONOLULU (3),2400,HONOLULU,11,November,13,13,2,Monday,2023,7,7:00am-7:59am,10,10,CR- SCHOOL STREET,CR- ALANEO STREET,County,2,Urban,4,Minor Arterial,2,County Highway Agency,0,No Special Jurisdiction,21.32515278,21.32515278,-157.8619194,-157.8619194,8,Pedestrian,0,The First Harmful Event was Not a Collision with a Motor Vehicle in Transport,3,Intersection-Related,2,Four-Way Intersection,1,On Roadway,1,Daylight,1,Clear,7
Hawaii,150082,5,1,1,1,1,3,HONOLULU (3),2790,KAHALU`U,11,November,15,15,4,Wednesday,2023,1,1:00am-1:59am,41,41,SR-83,,State Highway,2,Urban,3,Other Principal Arterial,1,State Highway Agency,1,No Special Jurisdiction,21.47124167,21.47124167,-157.8448194,-157.8448194,30,Utility Pole/Light Support,0,The First Harmful Event was Not a Collision with a Motor Vehicle in Transport,1,Non-Junction,1,Not an Intersection,4,On Roadside,3,Dark - Lighted,1,Clear,1
Hawaii,150083,1,1,1,1,1,1,HAWAII (1),300,CAPTAIN COOK,11,November,12,12,1,Sunday,2023,2,2:00am-2:59am,5,5,SR-11,,State Highway,1,Rural,3,Other Principal Arterial,1,State Highway Agency,1,No Special Jurisdiction,19.46868889,19.46868889,-155.8877167,-155.8877167,1,Rollover/Overturn,0,The First Harmful Event was Not a Collision with a Motor Vehicle in Transport,1,Non-Junction,1,Not an Intersection,4,On Roadside,2,Dark - Not Lighted,1,Clear,2
Hawaii,150084,4,3,3,3,3,3,HONOLULU (3),2400,HONOLULU,11,November,21,21,3,Tuesday,2023,21,9:00pm-9:59pm,52,52,SR-92,CR-KALIHI STREET,State Highway,2,Urban,3,Other Principal Arterial,1,State Highway Agency,1,No Special Jurisdiction,21.32429722,21.32429722,-157.8820667,-157.8820667,12,Motor Vehicle In-Transport,6,Angle,2,Intersection,2,Four-Way Intersection,1,On Roadway,3,Dark - Lighted,1,Clear,21
Hawaii,150085,1,3,3,5,5,3,HONOLULU (3),2400,HONOLULU,12,December,2,2,7,Saturday,2023,23,11:00pm-11:59pm,18,18,I-H1,,Interstate,2,Urban,1,Interstate,1,State Highway Agency,1,No Special Jurisdiction,21.30660833,21.30660833,-157.8503333,-157.8503333,12,Motor Vehicle In-Transport,1,Front-to-Rear,1,Non-Junction,1,Not an Intersection,1,On Roadway,3,Dark - Lighted,1,Clear,23
Hawaii,150086,2,2,2,3,3,3,HONOLULU (3),2400,HONOLULU,12,December,3,3,1,Sunday,2023,17,5:00pm-5:59pm,43,43,SR-72,CR-NAWILIWILI STREET,State Highway,2,Urban,3,Other Principal Arterial,1,State Highway Agency,1,No Special Jurisdiction,21.27482778,21.27482778,-157.6993444,-157.6993444,12,Motor Vehicle In-Transport,6,Angle,2,Intersection,3,T-Intersection,1,On Roadway,5,Dusk,1,Clear,17
Hawaii,150087,2,1,1,1,1,3,HONOLULU (3),6285,MAKAHA,12,December,4,4,2,Monday,2023,14,2:00pm-2:59pm,17,17,CR-MOUA STREET,,County,2,Urban,4,Minor Arterial,2,County Highway Agency,0,No Special Jurisdiction,21.46561944,21.46561944,-158.2147361,-158.2147361,9,Pedalcyclist,0,The First Harmful Event was Not a Collision with a Motor Vehicle in Transport,1,Non-Junction,1,Not an Intersection,1,On Roadway,1,Daylight,1,Clear,14
Hawaii,150088,3,1,1,1,1,9,MAUI (9),2900,KAHULUI,12,December,8,8,6,Friday,2023,3,3:00am-3:59am,54,54,SR-37,,State Highway,2,Urban,3,Other Principal Arterial,1,State Highway Agency,1,No Special Jurisdiction,20.86706111,20.86706111,-156.3807306,-156.3807306,35,Embankment,0,The First Harmful Event was Not a Collision with a Motor Vehicle in Transport,1,Non-Junction,1,Not an Intersection,4,On Roadside,2,Dark - Not Lighted,1,Clear,3
Hawaii,150090,2,1,1,1,1,3,HONOLULU (3),3500,KANE`OHE,12,December,31,31,1,Sunday,2023,21,9:00pm-9:59pm,33,33,SR-83,,State Highway,2,Urban,3,Other Principal Arterial,1,State Highway Agency,1,No Special Jurisdiction,21.44130278,21.44130278,-157.8321694,-157.8321694,42,Tree (Standing Only),0,The First Harmful Event was Not a Collision with a Motor Vehicle in Transport,1,Non-Junction,1,Not an Intersection,4,On Roadside,3,Dark - Lighted,1,Clear,21
Hawaii,150091,1,3,3,3,3,3,HONOLULU (3),3500,KANE`OHE,7,July,24,24,2,Monday,2023,15,3:00pm-3:59pm,25,25,SR-99,,State Highway,2,Urban,3,Other Principal Arterial,1,State Highway Agency,1,No Special Jurisdiction,21.37712222,21.37712222,-157.7831444,-157.7831444,12,Motor Vehicle In-Transport,1,Front-to-Rear,98,Not Reported,98,Not Reported,98,Not Reported,1,Daylight,98,Not Reported,99
Hawaii,150094,1,1,1,1,1,9,MAUI (9),4800,KIHEI,7,July,23,23,1,Sunday,2023,1,1:00am-1:59am,1,1,CR-SOUTH KIHEI ROAD,,County,2,Urban,4,Minor Arterial,2,County Highway Agency,0,No Special Jurisdiction,20.76882778,20.76882778,-156.4588139,-156.4588139,8,Pedestrian,0,The First Harmful Event was Not a Collision with a Motor Vehicle in Transport,1,Non-Junction,1,Not an Intersection,1,On Roadway,2,Dark - Not Lighted,1,Clear,1
Hawaii,150001,1,1,1,4,4,9,MAUI (9),9997,Other,1,January,1,1,7,Saturday,2022,0,0:00am-0:59am,11,11,SR-30,,State Highway,2,Urban,4,Minor Arterial,1,State Highway Agency,0,No Special Jurisdiction,20.92930278,20.92930278,-156.6900667,-156.6900667,8,Pedestrian,0,The First Harmful Event was Not a Collision with a Motor Vehicle in Transport,1,Non-Junction,1,Not an Intersection,1,On Roadway,3,Dark - Lighted,10,Cloudy,0
Hawaii,150002,2,0,1,1,1,9,MAUI (9),9300,WAILUKU HAWAIIAN HOME LAND (HISTORICAL),1,January,1,1,7,Saturday,2022,1,1:00am-1:59am,45,45,CR-KEHALANI MAUKA PKWY,,County Road,2,Urban,7,Local,2,County Highway Agency,0,No Special Jurisdiction,20.87852222,20.87852222,-156.5076306,-156.5076306,33,Curb,0,The First Harmful Event was Not a Collision with a Motor Vehicle in Transport,1,Non-Junction,1,Not an Intersection,4,On Roadside,2,Dark - Not Lighted,10,Cloudy,1
Hawaii,150003,1,1,1,1,1,3,HONOLULU (3),2400,HONOLULU,1,January,14,14,6,Friday,2022,22,10:00pm-10:59pm,53,53,SR-92,CR- SAND ISLAND ACCESS ROAD,State Highway,2,Urban,3,Principal Arterial - Other,1,State Highway Agency,1,No Special Jurisdiction,21.32860556,21.32860556,-157.8864417,-157.8864417,8,Pedestrian,0,The First Harmful Event was Not a Collision with a Motor Vehicle in Transport,3,Intersection-Related,3,T-Intersection,1,On Roadway,3,Dark - Lighted,1,Clear,22
Hawaii,150004,1,1,1,2,2,1,HAWAII (1),9997,Other,1,January,9,9,1,Sunday,2022,20,8:00pm-8:59pm,25,25,SR-19,,State Highway,2,Urban,3,Principal Arterial - Other,1,State Highway Agency,1,No Special Jurisdiction,20.00750833,20.00750833,-155.8140917,-155.8140917,8,Pedestrian,0,The First Harmful Event was Not a Collision with a Motor Vehicle in Transport,1,Non-Junction,1,Not an Intersection,1,On Roadway,2,Dark - Not Lighted,1,Clear,20
Hawaii,150005,1,0,1,8,8,1,HAWAII (1),1900,HILO,1,January,1,1,7,Saturday,2022,15,3:00pm-3:59pm,29,29,CR-MAUNA KEA ACCESS ROAD,,County Road,1,Rural,7,Local,2,County Highway Agency,0,No Special Jurisdiction,19.74390278,19.74390278,-155.4498333,-155.4498333,1,Rollover/Overturn,0,The First Harmful Event was Not a Collision with a Motor Vehicle in Transport,1,Non-Junction,1,Not an Intersection,4,On Roadside,1,Daylight,2,Rain,15
Hawaii,150006,2,1,1,1,1,3,HONOLULU (3),8200,PEARL CITY,1,January,22,22,7,Saturday,2022,0,0:00am-0:59am,25,25,I-H2,,Interstate,2,Urban,1,Interstate,1,State Highway Agency,1,No Special Jurisdiction,21.434575,21.434575,-157.9952667,-157.9952667,8,Pedestrian,0,The First Harmful Event was Not a Collision with a Motor Vehicle in Transport,1,Non-Junction,1,Not an Intersection,1,On Roadway,3,Dark - Lighted,1,Clear,0
Hawaii,150007,1,0,2,2,2,9,MAUI (9),4800,KIHEI,1,January,24,24,2,Monday,2022,8,8:00am-8:59am,36,36,SR-311,,State Highway,2,Urban,3,Principal Arterial - Other,1,State Highway Agency,1,No Special Jurisdiction,20.78843333,20.78843333,-156.4632333,-156.4632333,12,Motor Vehicle In-Transport,2,Front-to-Front,1,Non-Junction,1,Not an Intersection,1,On Roadway,1,Daylight,1,Clear,8
Hawaii,150008,1,1,1,1,1,9,MAUI (9),9997,Other,1,January,29,29,7,Saturday,2022,22,10:00pm-10:59pm,34,34,CR-3010 FRONT ST,,County Road,2,Urban,5,Major Collector,2,County Highway Agency,0,No Special Jurisdiction,20.88491667,20.88491667,-156.6850139,-156.6850139,9,Pedalcyclist,0,The First Harmful Event was Not a Collision with a Motor Vehicle in Transport,1,Non-Junction,1,Not an Intersection,1,On Roadway,3,Dark - Lighted,1,Clear,22
Hawaii,150009,1,0,3,5,5,3,HONOLULU (3),9400,WAIMANALO,1,January,27,27,5,Thursday,2022,18,6:00pm-6:59pm,38,38,SR-72,,State Highway,2,Urban,3,Principal Arterial - Other,1,State Highway Agency,1,No Special Jurisdiction,21.31528611,21.31528611,-157.663125,-157.663125,12,Motor Vehicle In-Transport,8,Sideswipe - Opposite Direction,1,Non-Junction,1,Not an Intersection,1,On Roadway,2,Dark - Not Lighted,1,Clear,18
Hawaii,150010,3,1,1,3,3,3,HONOLULU (3),2400,HONOLULU,1,January,29,29,7,Saturday,2022,1,1:00am-1:59am,23,23,SR-92 NIMITZ HWY,CR-PUUHALE ROAD,State Highway,2,Urban,3,Principal Arterial - Other,1,State Highway Agency,1,No Special Jurisdiction,21.327125,21.327125,-157.8853278,-157.8853278,9,Pedalcyclist,0,The First Harmful Event was Not a Collision with a Motor Vehicle in Transport,2,Intersection,2,Four-Way Intersection,1,On Roadway,3,Dark - Lighted,1,Clear,1
Hawaii,150011,1,0,1,1,1,1,HAWAII (1),300,CAPTAIN COOK,1,January,27,27,5,Thursday,2022,16,4:00pm-4:59pm,27,27,SR-11,,State Highway,1,Rural,4,Minor Arterial,1,State Highway Agency,0,No Special Jurisdiction,19.29959167,19.29959167,-155.8731611,-155.8731611,35,Embankment,0,The First Harmful Event was Not a Collision with a Motor Vehicle in Transport,1,Non-Junction,1,Not an Intersection,4,On Roadside,1,Daylight,1,Clear,16
Hawaii,150012,3,0,1,1,1,3,HONOLULU (3),9997,Other,2,February,5,5,7,Saturday,2022,21,9:00pm-9:59pm,40,40,SR-83,,State Highway,2,Urban,3,Principal Arterial - Other,1,State Highway Agency,0,No Special Jurisdiction,21.56809444,21.56809444,-157.8757,-157.8757,18,Other Object (not fixed),0,The First Harmful Event was Not a Collision with a Motor Vehicle in Transport,1,Non-Junction,1,Not an Intersection,4,On Roadside,3,Dark - Lighted,1,Clear,21
Hawaii,150013,1,0,1,2,2,3,HONOLULU (3),3500,KANE`OHE,2,February,10,10,5,Thursday,2022,22,10:00pm-10:59pm,20,20,SR-63,,State Highway,2,Urban,3,Principal Arterial - Other,1,State Highway Agency,1,No Special Jurisdiction,21.37986667,21.37986667,-157.8114194,-157.8114194,33,Curb,0,The First Harmful Event was Not a Collision with a Motor Vehicle in Transport,1,Non-Junction,1,Not an Intersection,4,On Roadside,2,Dark - Not Lighted,1,Clear,22
Hawaii,150014,6,0,3,4,4,1,HAWAII (1),9997,Other,1,January,30,30,1,Sunday,2022,19,7:00pm-7:59pm,33,33,SR-11,,State Highway,1,Rural,4,Minor Arterial,1,State Highway Agency,0,No Special Jurisdiction,19.50485278,19.50485278,-155.1421056,-155.1421056,12,Motor Vehicle In-Transport,2,Front-to-Front,1,Non-Junction,1,Not an Intersection,1,On Roadway,2,Dark - Not Lighted,10,Cloudy,19
Hawaii,150015,1,0,2,2,2,9,MAUI (9),2900,KAHULUI,2,February,13,13,1,Sunday,2022,4,4:00am-4:59am,47,47,SR-311,,State Highway,2,Urban,3,Principal Arterial - Other,1,State Highway Agency,1,No Special Jurisdiction,20.83398611,20.83398611,-156.4657111,-156.4657111,12,Motor Vehicle In-Transport,1,Front-to-Rear,1,Non-Junction,1,Not an Intersection,1,On Roadway,2,Dark - Not Lighted,2,Rain,4
Hawaii,150016,2,0,2,3,3,3,HONOLULU (3),3500,KANE`OHE,2,February,20,20,1,Sunday,2022,16,4:00pm-4:59pm,15,15,SR-83,CR- KOOLAU DRIVE,State Highway,2,Urban,3,Principal Arterial - Other,1,State Highway Agency,1,No Special Jurisdiction,21.38925556,21.38925556,-157.7944611,-157.7944611,12,Motor Vehicle In-Transport,6,Angle,2,Intersection,2,Four-Way Intersection,1,On Roadway,1,Daylight,1,Clear,16
Hawaii,150017,1,0,2,2,2,3,HONOLULU (3),2800,KAHUKU,2,February,12,12,7,Saturday,2022,21,9:00pm-9:59pm,58,58,SR-83,CR-GOLF COURSE ROAD,State Highway,2,Urban,3,Principal Arterial - Other,1,State Highway Agency,1,No Special Jurisdiction,21.673675,21.673675,-157.9430028,-157.9430028,12,Motor Vehicle In-Transport,6,Angle,2,Intersection,3,T-Intersection,1,On Roadway,1,Daylight,1,Clear,21
Hawaii,150018,1,1,1,1,1,3,HONOLULU (3),2400,HONOLULU,2,February,18,18,6,Friday,2022,17,5:00pm-5:59pm,50,50,CR-IWILEI ROAD,CR-SUMNER STREET,County Road,2,Urban,4,Minor Arterial,2,County Highway Agency,0,No Special Jurisdiction,21.31599167,21.31599167,-157.8680611,-157.8680611,9,Pedalcyclist,0,The First Harmful Event was Not a Collision with a Motor Vehicle in Transport,3,Intersection-Related,2,Four-Way Intersection,1,On Roadway,1,Daylight,10,Cloudy,17
Hawaii,150019,1,0,1,1,1,9,MAUI (9),8500,PUKALANI,2,February,24,24,5,Thursday,2022,4,4:00am-4:59am,40,40,SR-37,,State Highway,2,Urban,3,Principal Arterial - Other,1,State Highway Agency,1,No Special Jurisdiction,20.82900833,20.82900833,-156.3300944,-156.3300944,42,Tree (Standing Only),0,The First Harmful Event was Not a Collision with a Motor Vehicle in Transport,1,Non-Junction,1,Not an Intersection,4,On Roadside,3,Dark - Lighted,1,Clear,4
Hawaii,150020,1,0,1,2,2,1,HAWAII (1),300,CAPTAIN COOK,2,February,24,24,5,Thursday,2022,9,9:00am-9:59am,56,56,NONE,,Other,6,Trafficway Not in State Inventory,96,Trafficway Not in State Inventory,96,Trafficway Not in State Inventory,0,Other,19.44130278,19.44130278,-155.8793833,-155.8793833,72,"Cargo/Equipment Loss, Shift, or Damage [harmful]",0,The First Harmful Event was Not a Collision with a Motor Vehicle in Transport,1,Non-Junction,1,Not an Intersection,1,On Roadway,1,Daylight,1,Clear,9
Hawaii,150021,2,3,6,3,1,3,HONOLULU (3),6900,NANAKULI,2,February,26,26,7,Saturday,2022,22,10:00pm-10:59pm,30,30,CR-8743 HALEAKALA AVE,,County Road,2,Urban,5,Major Collector,2,County Highway Agency,0,No Special Jurisdiction,21.38775833,21.38775833,-158.1362778,-158.1362778,14,Parked Motor Vehicle,0,The First Harmful Event was Not a Collision with a Motor Vehicle in Transport,1,Non-Junction,1,Not an Intersection,7,In Parking Lane/Zone,3,Dark - Lighted,1,Clear,22
Hawaii,150022,1,0,1,1,1,1,HAWAII (1),7100,NINOLE,2,February,5,5,7,Saturday,2022,9,9:00am-9:59am,37,37,SR-19,,State Highway,1,Rural,3,Principal Arterial - Other,1,State Highway Agency,1,No Special Jurisdiction,19.9272,19.9272,-155.1560694,-155.1560694,21,Bridge Pier or Support,0,The First Harmful Event was Not a Collision with a Motor Vehicle in Transport,1,Non-Junction,1,Not an Intersection,4,On Roadside,1,Daylight,10,Cloudy,9
Hawaii,150023,1,1,1,1,1,3,HONOLULU (3),2400,HONOLULU,2,February,27,27,1,Sunday,2022,21,9:00pm-9:59pm,35,35,CR-KALAKAUA AVE,SR-7402,County Road,2,Urban,4,Minor Arterial,2,County Highway Agency,0,No Special Jurisdiction,21.29718333,21.29718333,-157.8369389,-157.8369389,8,Pedestrian,0,The First Harmful Event was Not a Collision with a Motor Vehicle in Transport,3,Intersection-Related,2,Four-Way Intersection,1,On Roadway,3,Dark - Lighted,1,Clear,21
Hawaii,150024,1,0,2,3,3,3,HONOLULU (3),9600,WAIPAHU,3,March,2,2,4,Wednesday,2022,12,12:00pm-12:59pm,38,38,SR-93,,State Highway,2,Urban,3,Principal Arterial - Other,1,State Highway Agency,1,No Special Jurisdiction,21.38367778,21.38367778,-158.0056556,-158.0056556,12,Motor Vehicle In-Transport,6,Angle,8,Driveway Access Related,1,Not an Intersection,1,On Roadway,1,Daylight,1,Clear,12
Hawaii,150025,1,1,1,1,1,3,HONOLULU (3),2400,HONOLULU,3,March,2,2,4,Wednesday,2022,22,10:00pm-10:59pm,7,7,SR-92,,State Highway,2,Urban,3,Principal Arterial - Other,1,State Highway Agency,1,No Special Jurisdiction,21.33699167,21.33699167,-157.9114889,-157.9114889,8,Pedestrian,0,The First Harmful Event was Not a Collision with a Motor Vehicle in Transport,1,Non-Junction,1,Not an Intersection,1,On Roadway,3,Dark - Lighted,1,Clear,22
Hawaii,150026,3,0,1,1,1,3,HONOLULU (3),9400,WAIMANALO,3,March,13,13,1,Sunday,2022,2,2:00am-2:59am,45,45,CR-AKAAKAAWA STREET,,County Road,2,Urban,7,Local,2,County Highway Agency,0,No Special Jurisdiction,21.36883056,21.36883056,-157.7367722,-157.7367722,30,Utility Pole/Light Support,0,The First Harmful Event was Not a Collision with a Motor Vehicle in Transport,1,Non-Junction,1,Not an Intersection,4,On Roadside,3,Dark - Lighted,1,Clear,2
Hawaii,150027,1,0,1,2,2,1,HAWAII (1),1900,HILO,3,March,8,8,3,Tuesday,2022,16,4:00pm-4:59pm,32,32,SR-2000,,State Highway,2,Urban,4,Minor Arterial,1,State Highway Agency,0,No Special Jurisdiction,19.68094722,19.68094722,-155.1522,-155.1522,1,Rollover/Overturn,0,The First Harmful Event was Not a Collision with a Motor Vehicle in Transport,1,Non-Junction,1,Not an Intersection,4,On Roadside,1,Daylight,2,Rain,16
Hawaii,150028,4,1,2,3,3,3,HONOLULU (3),9600,WAIPAHU,3,March,20,20,1,Sunday,2022,17,5:00pm-5:59pm,20,20,CR-WAIPAHU STREET,,County Road,2,Urban,4,Minor Arterial,2,County Highway Agency,0,No Special Jurisdiction,21.39316111,21.39316111,-158.0003361,-158.0003361,9,Pedalcyclist,0,The First Harmful Event was Not a Collision with a Motor Vehicle in Transport,1,Non-Junction,1,Not an Intersection,1,On Roadway,1,Daylight,1,Clear,17
Hawaii,150029,2,0,1,1,1,1,HAWAII (1),300,CAPTAIN COOK,3,March,25,25,6,Friday,2022,22,10:00pm-10:59pm,33,33,SR-11,,State Highway,2,Urban,3,Principal Arterial - Other,1,State Highway Agency,1,No Special Jurisdiction,19.49581667,19.49581667,-155.9186778,-155.9186778,24,Guardrail Face,0,The First Harmful Event was Not a Collision with a Motor Vehicle in Transport,1,Non-Junction,1,Not an Intersection,4,On Roadside,3,Dark - Lighted,1,Clear,22
Hawaii,150030,2,2,2,3,1,9,MAUI (9),4800,KIHEI,4,April,3,3,1,Sunday,2022,4,4:00am-4:59am,5,5,SR-310,,State Highway,2,Urban,4,Minor Arterial,1,State Highway Agency,0,No Special Jurisdiction,20.79230278,20.79230278,-156.4792694,-156.4792694,14,Parked Motor Vehicle,0,The First Harmful Event was Not a Collision with a Motor Vehicle in Transport,1,Non-Junction,1,Not an Intersection,2,On Shoulder,2,Dark - Not Lighted,6,Severe Crosswinds,4
Hawaii,150031,1,0,1,1,1,1,HAWAII (1),9997,Other,3,March,31,31,5,Thursday,2022,21,9:00pm-9:59pm,0,0,SR-190,,State Highway,1,Rural,4,Minor Arterial,1,State Highway Agency,0,No Special Jurisdiction,19.83823333,19.83823333,-155.7770083,-155.7770083,35,Embankment,0,The First Harmful Event was Not a Collision with a Motor Vehicle in Transport,1,Non-Junction,1,Not an Intersection,4,On Roadside,2,Dark - Not Lighted,10,Cloudy,21
Hawaii,150032,1,1,1,1,1,1,HAWAII (1),1900,HILO,3,March,17,17,5,Thursday,2022,2,2:00am-2:59am,51,51,SR-19,,State Highway,2,Urban,3,Principal Arterial - Other,1,State Highway Agency,1,No Special Jurisdiction,19.72678611,19.72678611,-155.0865167,-155.0865167,9,Pedalcyclist,0,The First Harmful Event was Not a Collision with a Motor Vehicle in Transport,1,Non-Junction,1,Not an Intersection,1,On Roadway,2,Dark - Not Lighted,1,Clear,2
Hawaii,150033,1,1,1,1,1,9,MAUI (9),9300,WAILUKU HAWAIIAN HOME LAND (HISTORICAL),4,April,14,14,5,Thursday,2022,20,8:00pm-8:59pm,33,33,SR-30,,State Highway,2,Urban,3,Principal Arterial - Other,1,State Highway Agency,1,No Special Jurisdiction,20.86882778,20.86882778,-156.5029,-156.5029,8,Pedestrian,0,The First Harmful Event was Not a Collision with a Motor Vehicle in Transport,1,Non-Junction,1,Not an Intersection,2,On Shoulder,2,Dark - Not Lighted,1,Clear,20
Hawaii,150034,1,0,2,2,2,1,HAWAII (1),8850,VOLCANO,4,April,19,19,3,Tuesday,2022,7,7:00am-7:59am,52,52,SR-11,CRATER RIME DRIVE,State Highway,1,Rural,3,Principal Arterial - Other,66,National Park Service,1,National Park Service,19.42900278,19.42900278,-155.2530694,-155.2530694,12,Motor Vehicle In-Transport,6,Angle,2,Intersection,3,T-Intersection,1,On Roadway,1,Daylight,1,Clear,7
Hawaii,150035,2,1,1,1,1,3,HONOLULU (3),9997,Other,4,April,20,20,4,Wednesday,2022,2,2:00am-2:59am,20,20,SR-83,,State Highway,2,Urban,3,Principal Arterial - Other,1,State Highway Agency,1,No Special Jurisdiction,21.60646944,21.60646944,-157.9041111,-157.9041111,8,Pedestrian,0,The First Harmful Event was Not a Collision with a Motor Vehicle in Transport,1,Non-Junction,1,Not an Intersection,1,On Roadway,3,Dark - Lighted,1,Clear,2
Hawaii,150036,1,1,1,1,1,3,HONOLULU (3),2400,HONOLULU,4,April,23,23,7,Saturday,2022,9,9:00am-9:59am,42,42,CR-KAULUWEA STREET,CR- LILIHA STREET,County Road,2,Urban,4,Minor Arterial,2,County Highway Agency,0,No Special Jurisdiction,21.32053889,21.32053889,-157.8611556,-157.8611556,8,Pedestrian,0,The First Harmful Event was Not a Collision with a Motor Vehicle in Transport,3,Intersection-Related,3,T-Intersection,1,On Roadway,1,Daylight,2,Rain,9
Hawaii,150037,1,0,3,3,3,9,MAUI (9),9300,WAILUKU HAWAIIAN HOME LAND (HISTORICAL),4,April,24,24,1,Sunday,2022,5,5:00am-5:59am,31,31,SR-30,,State Highway,2,Urban,3,Principal Arterial - Other,1,State Highway Agency,1,No Special Jurisdiction,20.84525556,20.84525556,-156.5056,-156.5056,12,Motor Vehicle In-Transport,6,Angle,8,Driveway Access Related,1,Not an Intersection,1,On Roadway,2,Dark - Not Lighted,1,Clear,5
Hawaii,150038,1,0,3,8,8,1,HAWAII (1),3002,KAILUA KONA,5,May,2,2,2,Monday,2022,12,12:00pm-12:59pm,18,18,CR-190,,County Road,2,Urban,4,Minor Arterial,2,County Highway Agency,0,No Special Jurisdiction,19.67355278,19.67355278,-155.9797722,-155.9797722,12,Motor Vehicle In-Transport,8,Sideswipe - Opposite Direction,1,Non-Junction,1,Not an Intersection,1,On Roadway,1,Daylight,10,Cloudy,12
Hawaii,150039,2,0,2,2,2,1,HAWAII (1),9260,WAIKOLOA VILLAGE,5,May,9,9,2,Monday,2022,1,1:00am-1:59am,57,57,SR-19,,State Highway,2,Urban,3,Principal Arterial - Other,1,State Highway Agency,1,No Special Jurisdiction,19.916725,19.916725,-155.8674944,-155.8674944,12,Motor Vehicle In-Transport,1,Front-to-Rear,1,Non-Junction,1,Not an Intersection,1,On Roadway,2,Dark - Not Lighted,1,Clear,1
Hawaii,150040,2,0,1,1,1,3,HONOLULU (3),8900,WAHIAWA,5,May,22,22,1,Sunday,2022,15,3:00pm-3:59pm,23,23,CR-KAUKONAHUA ROAD,,County Road,2,Urban,4,Minor Arterial,2,County Highway Agency,0,No Special Jurisdiction,21.51651389,21.51651389,-158.0536556,-158.0536556,34,Ditch,0,The First Harmful Event was Not a Collision with a Motor Vehicle in Transport,1,Non-Junction,1,Not an Intersection,4,On Roadside,1,Daylight,1,Clear,15
Hawaii,150042,1,0,3,5,5,3,HONOLULU (3),1000,HALE`IWA,5,May,24,24,3,Tuesday,2022,17,5:00pm-5:59pm,40,40,SR-83,,State Highway,2,Urban,3,Principal Arterial - Other,1,State Highway Agency,1,No Special Jurisdiction,21.58106111,21.58106111,-158.1051417,-158.1051417,12,Motor Vehicle In-Transport,1,Front-to-Rear,1,Non-Junction,1,Not an Intersection,1,On Roadway,1,Daylight,1,Clear,17
Hawaii,150043,2,0,3,5,5,3,HONOLULU (3),2760,KA`A`AWA,5,May,29,29,1,Sunday,2022,13,1:00pm-1:59pm,58,58,SR-83,,State Highway,2,Urban,3,Principal Arterial - Other,1,State Highway Agency,1,No Special Jurisdiction,21.53976667,21.53976667,-157.8413778,-157.8413778,12,Motor Vehicle In-Transport,1,Front-to-Rear,1,Non-Junction,1,Not an Intersection,1,On Roadway,1,Daylight,10,Cloudy,13
Hawaii,150044,1,0,2,1,1,3,HONOLULU (3),3627,KAPOLEI,5,May,30,30,2,Monday,2022,4,4:00am-4:59am,28,28,CR-HANUA ST,,County Road,2,Urban,7,Local,2,County Highway Agency,0,No Special Jurisdiction,21.30941944,21.30941944,-158.1031583,-158.1031583,14,Parked Motor Vehicle,0,The First Harmful Event was Not a Collision with a Motor Vehicle in Transport,1,Non-Junction,1,Not an Intersection,2,On Shoulder,3,Dark - Lighted,1,Clear,4
Hawaii,150045,2,0,2,3,3,3,HONOLULU (3),2400,HONOLULU,5,May,29,29,1,Sunday,2022,17,5:00pm-5:59pm,23,23,CR-LIME STREET,CR-PAANI STREET,County Road,2,Urban,4,Minor Arterial,2,County Highway Agency,0,No Special Jurisdiction,21.28951389,21.28951389,-157.8297028,-157.8297028,12,Motor Vehicle In-Transport,6,Angle,2,Intersection,2,Four-Way Intersection,1,On Roadway,1,Daylight,1,Clear,17
Hawaii,150046,1,1,2,1,1,1,HAWAII (1),1900,HILO,5,May,11,11,4,Wednesday,2022,7,7:00am-7:59am,59,59,CR-HUALALAI ST,,County Road,2,Urban,7,Local,2,County Highway Agency,0,No Special Jurisdiction,19.71545278,19.71545278,-155.0838472,-155.0838472,8,Pedestrian,0,The First Harmful Event was Not a Collision with a Motor Vehicle in Transport,1,Non-Junction,1,Not an Intersection,2,On Shoulder,1,Daylight,1,Clear,8
Hawaii,150047,4,0,1,1,1,1,HAWAII (1),1900,HILO,5,May,21,21,7,Saturday,2022,21,9:00pm-9:59pm,50,50,SR-11,CR- KAWAILANI STREET,State Highway,2,Urban,3,Principal Arterial - Other,1,State Highway Agency,1,No Special Jurisdiction,19.68481944,19.68481944,-155.0655889,-155.0655889,5,Fell/Jumped from Vehicle,0,The First Harmful Event was Not a Collision with a Motor Vehicle in Transport,3,Intersection-Related,2,Four-Way Intersection,1,On Roadway,3,Dark - Lighted,10,Cloudy,21
Hawaii,150048,2,1,2,4,4,9,MAUI (9),2900,KAHULUI,6,June,17,17,6,Friday,2022,20,8:00pm-8:59pm,47,47,SR-32,,State Highway,2,Urban,3,Principal Arterial - Other,1,State Highway Agency,1,No Special Jurisdiction,20.88982778,20.88982778,-156.4716722,-156.4716722,8,Pedestrian,0,The First Harmful Event was Not a Collision with a Motor Vehicle in Transport,1,Non-Junction,1,Not an Intersection,1,On Roadway,2,Dark - Not Lighted,1,Clear,20
Hawaii,150049,1,1,1,1,1,9,MAUI (9),2900,KAHULUI,5,May,26,26,5,Thursday,2022,5,5:00am-5:59am,24,24,SR-36,,State Highway,2,Urban,3,Principal Arterial - Other,1,State Highway Agency,1,No Special Jurisdiction,20.88045,20.88045,-156.4420111,-156.4420111,8,Pedestrian,0,The First Harmful Event was Not a Collision with a Motor Vehicle in Transport,1,Non-Junction,1,Not an Intersection,1,On Roadway,4,Dawn,1,Clear,5
Hawaii,150050,1,1,1,1,1,3,HONOLULU (3),2400,HONOLULU,6,June,19,19,1,Sunday,2022,0,0:00am-0:59am,42,42,SR-63,,State Highway,2,Urban,3,Principal Arterial - Other,1,State Highway Agency,1,No Special Jurisdiction,21.33411389,21.33411389,-157.8720167,-157.8720167,8,Pedestrian,0,The First Harmful Event was Not a Collision with a Motor Vehicle in Transport,1,Non-Junction,1,Not an Intersection,1,On Roadway,3,Dark - Lighted,1,Clear,99
Hawaii,150051,1,0,2,2,2,1,HAWAII (1),8300,PEPEEKEO,6,June,18,18,7,Saturday,2022,15,3:00pm-3:59pm,45,45,SR-19,,State Highway,1,Rural,3,Principal Arterial - Other,1,State Highway Agency,1,No Special Jurisdiction,19.82750278,19.82750278,-155.1042806,-155.1042806,12,Motor Vehicle In-Transport,2,Front-to-Front,1,Non-Junction,1,Not an Intersection,1,On Roadway,1,Daylight,1,Clear,15
Hawaii,150052,1,0,2,2,2,1,HAWAII (1),1900,HILO,6,June,13,13,2,Monday,2022,7,7:00am-7:59am,25,25,SR-19,,State Highway,2,Urban,3,Principal Arterial - Other,1,State Highway Agency,1,No Special Jurisdiction,19.73963333,19.73963333,-155.0911528,-155.0911528,12,Motor Vehicle In-Transport,6,Angle,1,Non-Junction,1,Not an Intersection,1,On Roadway,1,Daylight,1,Clear,7
Hawaii,150053,1,0,1,1,1,7,KAUAI (7),1400,HANAMA`ULU,1,January,2,2,1,Sunday,2022,17,5:00pm-5:59pm,20,20,CR-HEHI ROAD,,County Road,2,Urban,7,Local,2,County Highway Agency,0,No Special Jurisdiction,21.99350278,21.99350278,-159.343225,-159.343225,1,Rollover/Overturn,0,The First Harmful Event was Not a Collision with a Motor Vehicle in Transport,1,Non-Junction,1,Not an Intersection,4,On Roadside,2,Dark - Not Lighted,10,Cloudy,17
Hawaii,150054,1,0,2,2,2,7,KAUAI (7),3600,KAPA`A,1,January,23,23,1,Sunday,2022,18,6:00pm-6:59pm,40,40,SR-56,CR-OHIA STEEET,State Highway,2,Urban,3,Principal Arterial - Other,1,State Highway Agency,1,No Special Jurisdiction,22.07306944,22.07306944,-159.3193444,-159.3193444,12,Motor Vehicle In-Transport,6,Angle,2,Intersection,11,Other Intersection Type,1,On Roadway,3,Dark - Lighted,10,Cloudy,18
Hawaii,150055,1,0,1,1,1,7,KAUAI (7),9275,WAILUA HAWAIIAN HOME LAND,3,March,14,14,2,Monday,2022,13,1:00pm-1:59pm,40,40,CR-581,,County Road,2,Urban,6,Minor Collector,2,County Highway Agency,0,No Special Jurisdiction,22.05916111,22.05916111,-159.3659306,-159.3659306,1,Rollover/Overturn,0,The First Harmful Event was Not a Collision with a Motor Vehicle in Transport,1,Non-Junction,1,Not an Intersection,4,On Roadside,1,Daylight,1,Clear,13
Hawaii,150056,1,0,4,7,7,7,KAUAI (7),200,ANAHOLA,4,April,15,15,6,Friday,2022,12,12:00pm-12:59pm,35,35,SR-56,,State Highway,2,Urban,4,Minor Arterial,1,State Highway Agency,0,No Special Jurisdiction,22.16020278,22.16020278,-159.3173806,-159.3173806,12,Motor Vehicle In-Transport,1,Front-to-Rear,1,Non-Junction,1,Not an Intersection,1,On Roadway,1,Daylight,10,Cloudy,12
Hawaii,150057,1,0,3,5,5,7,KAUAI (7),5100,KOLOA,5,May,18,18,4,Wednesday,2022,15,3:00pm-3:59pm,10,10,SR-50,,State Highway,1,Rural,3,Principal Arterial - Other,1,State Highway Agency,1,No Special Jurisdiction,21.95021111,21.95021111,-159.465,-159.465,12,Motor Vehicle In-Transport,2,Front-to-Front,1,Non-Junction,1,Not an Intersection,1,On Roadway,1,Daylight,2,Rain,15
Hawaii,150058,4,0,2,2,2,9,MAUI (9),9300,WAILUKU HAWAIIAN HOME LAND (HISTORICAL),7,July,8,8,6,Friday,2022,17,5:00pm-5:59pm,22,22,CR-KUIKAHI DRIVE,CR-LAA STREET,County Road,2,Urban,4,Minor Arterial,2,County Highway Agency,0,No Special Jurisdiction,20.87046389,20.87046389,-156.4976444,-156.4976444,5,Fell/Jumped from Vehicle,0,The First Harmful Event was Not a Collision with a Motor Vehicle in Transport,3,Intersection-Related,3,T-Intersection,1,On Roadway,1,Daylight,1,Clear,17
Hawaii,150059,3,0,1,1,1,3,HONOLULU (3),2400,HONOLULU,7,July,17,17,1,Sunday,2022,9,9:00am-9:59am,26,26,I-H201,,Interstate,2,Urban,1,Interstate,1,State Highway Agency,1,No Special Jurisdiction,21.36051389,21.36051389,-157.8996694,-157.8996694,25,Concrete Traffic Barrier,0,The First Harmful Event was Not a Collision with a Motor Vehicle in Transport,1,Non-Junction,1,Not an Intersection,3,On Median,1,Daylight,1,Clear,9
Hawaii,150060,1,0,3,10,10,1,HAWAII (1),4300,KEALAKEKUA,6,June,15,15,4,Wednesday,2022,9,9:00am-9:59am,28,28,SR-11,CR-NAHENAHE LOOP,State Highway,2,Urban,3,Principal Arterial - Other,1,State Highway Agency,1,No Special Jurisdiction,19.54159722,19.54159722,-155.9290389,-155.9290389,12,Motor Vehicle In-Transport,6,Angle,2,Intersection,3,T-Intersection,1,On Roadway,1,Daylight,1,Clear,9
Hawaii,150061,2,0,2,3,3,1,HAWAII (1),3002,KAILUA KONA,7,July,14,14,5,Thursday,2022,21,9:00pm-9:59pm,18,18,SR-190,,State Highway,2,Urban,4,Minor Arterial,1,State Highway Agency,0,No Special Jurisdiction,19.71097222,19.71097222,-155.9774194,-155.9774194,12,Motor Vehicle In-Transport,2,Front-to-Front,1,Non-Junction,1,Not an Intersection,1,On Roadway,6,Dark - Unknown Lighting,1,Clear,21
Hawaii,150062,3,0,1,1,1,7,KAUAI (7),9275,WAILUA HAWAIIAN HOME LAND,7,July,13,13,4,Wednesday,2022,2,2:00am-2:59am,10,10,SR-580,,State Highway,2,Urban,4,Minor Arterial,1,State Highway Agency,0,No Special Jurisdiction,22.04959167,22.04959167,-159.3424278,-159.3424278,1,Rollover/Overturn,0,The First Harmful Event was Not a Collision with a Motor Vehicle in Transport,1,Non-Junction,1,Not an Intersection,4,On Roadside,2,Dark - Not Lighted,2,Rain,2
Hawaii,150063,1,1,1,1,1,1,HAWAII (1),3002,KAILUA KONA,7,July,24,24,1,Sunday,2022,4,4:00am-4:59am,21,21,SR-11,,State Highway,2,Urban,3,Principal Arterial - Other,1,State Highway Agency,1,No Special Jurisdiction,19.60761111,19.60761111,-155.9642056,-155.9642056,8,Pedestrian,0,The First Harmful Event was Not a Collision with a Motor Vehicle in Transport,1,Non-Junction,1,Not an Intersection,1,On Roadway,2,Dark - Not Lighted,1,Clear,4
Hawaii,150064,1,1,1,1,1,3,HONOLULU (3),2400,HONOLULU,7,July,26,26,3,Tuesday,2022,15,3:00pm-3:59pm,54,54,SR-92,NONE,State Highway,2,Urban,3,Principal Arterial - Other,1,State Highway Agency,1,No Special Jurisdiction,21.31360556,21.31360556,-157.8680361,-157.8680361,9,Pedalcyclist,0,The First Harmful Event was Not a Collision with a Motor Vehicle in Transport,2,Intersection,3,T-Intersection,1,On Roadway,1,Daylight,1,Clear,15
Hawaii,150065,1,0,2,2,2,9,MAUI (9),9222,WAI`EHU HAWAIIAN HOME LAND,7,July,31,31,1,Sunday,2022,9,9:00am-9:59am,13,13,SR-340,,State Highway,2,Urban,5,Major Collector,1,State Highway Agency,0,No Special Jurisdiction,20.92061111,20.92061111,-156.4989833,-156.4989833,12,Motor Vehicle In-Transport,2,Front-to-Front,1,Non-Junction,1,Not an Intersection,1,On Roadway,1,Daylight,1,Clear,9
Hawaii,150066,1,1,1,1,1,1,HAWAII (1),3002,KAILUA KONA,6,June,14,14,3,Tuesday,2022,17,5:00pm-5:59pm,6,6,SR-19,,State Highway,2,Urban,3,Principal Arterial - Other,1,State Highway Agency,1,No Special Jurisdiction,19.64679444,19.64679444,-155.9947833,-155.9947833,8,Pedestrian,0,The First Harmful Event was Not a Collision with a Motor Vehicle in Transport,1,Non-Junction,1,Not an Intersection,1,On Roadway,1,Daylight,1,Clear,17
Hawaii,150067,2,0,4,9,9,1,HAWAII (1),2500,HONOMU,7,July,4,4,2,Monday,2022,20,8:00pm-8:59pm,47,47,SR-19,,State Highway,1,Rural,3,Principal Arterial - Other,1,State Highway Agency,1,No Special Jurisdiction,19.87283333,19.87283333,-155.1081972,-155.1081972,12,Motor Vehicle In-Transport,8,Sideswipe - Opposite Direction,1,Non-Junction,1,Not an Intersection,1,On Roadway,2,Dark - Not Lighted,10,Cloudy,20
Hawaii,150068,1,0,1,3,3,1,HAWAII (1),7500,PA`AUILO,7,July,22,22,6,Friday,2022,11,11:00am-11:59am,48,48,SR-200,,State Highway,2,Urban,3,Principal Arterial - Other,1,State Highway Agency,1,No Special Jurisdiction,19.81837222,19.81837222,-155.6341778,-155.6341778,31,"Post, Pole or Other Supports",0,The First Harmful Event was Not a Collision with a Motor Vehicle in Transport,1,Non-Junction,1,Not an Intersection,4,On Roadside,1,Daylight,1,Clear,11
Hawaii,150070,2,0,2,2,2,3,HONOLULU (3),9200,WAI`ANAE,8,August,7,7,1,Sunday,2022,10,10:00am-10:59am,10,10,SR-93,,State Highway,2,Urban,3,Principal Arterial - Other,1,State Highway Agency,1,No Special Jurisdiction,21.44603889,21.44603889,-158.1882972,-158.1882972,12,Motor Vehicle In-Transport,6,Angle,8,Driveway Access Related,1,Not an Intersection,1,On Roadway,1,Daylight,1,Clear,10
Hawaii,150071,1,1,1,1,1,3,HONOLULU (3),9605,WAIPI`O ACRES,8,August,6,6,7,Saturday,2022,4,4:00am-4:59am,15,15,I-H2,,Interstate,2,Urban,1,Interstate,1,State Highway Agency,1,No Special Jurisdiction,21.43904722,21.43904722,-157.9947833,-157.9947833,8,Pedestrian,0,The First Harmful Event was Not a Collision with a Motor Vehicle in Transport,1,Non-Junction,1,Not an Intersection,1,On Roadway,3,Dark - Lighted,1,Clear,4
Hawaii,150072,1,0,2,6,6,3,HONOLULU (3),9200,WAI`ANAE,8,August,7,7,1,Sunday,2022,21,9:00pm-9:59pm,34,34,SR-93,CR-WAIANAE VALLEY ROAD,State Highway,2,Urban,3,Principal Arterial - Other,1,State Highway Agency,1,No Special Jurisdiction,21.44269444,21.44269444,-158.1871194,-158.1871194,12,Motor Vehicle In-Transport,6,Angle,2,Intersection,2,Four-Way Intersection,1,On Roadway,3,Dark - Lighted,1,Clear,21
Hawaii,150073,3,0,3,5,5,1,HAWAII (1),8300,PEPEEKEO,8,August,1,1,2,Monday,2022,18,6:00pm-6:59pm,9,9,SR-19,,State Highway,1,Rural,3,Principal Arterial - Other,1,State Highway Agency,1,No Special Jurisdiction,19.85700278,19.85700278,-155.0996972,-155.0996972,12,Motor Vehicle In-Transport,6,Angle,1,Non-Junction,1,Not an Intersection,1,On Roadway,1,Daylight,10,Cloudy,6
Hawaii,150074,2,0,2,4,4,3,HONOLULU (3),5700,LA`IE,8,August,22,22,2,Monday,2022,13,1:00pm-1:59pm,5,5,SR-83,,State Highway,2,Urban,3,Principal Arterial - Other,1,State Highway Agency,1,No Special Jurisdiction,21.66226944,21.66226944,-157.9347778,-157.9347778,12,Motor Vehicle In-Transport,2,Front-to-Front,1,Non-Junction,1,Not an Intersection,1,On Roadway,1,Daylight,1,Clear,13
Hawaii,150075,1,0,1,1,1,3,HONOLULU (3),3500,KANE`OHE,8,August,20,20,7,Saturday,2022,23,11:00pm-11:59pm,55,55,SR-61,,State Highway,2,Urban,3,Principal Arterial - Other,1,State Highway Agency,1,No Special Jurisdiction,21.37545833,21.37545833,-157.7804583,-157.7804583,5,Fell/Jumped from Vehicle,0,The First Harmful Event was Not a Collision with a Motor Vehicle in Transport,1,Non-Junction,1,Not an Intersection,2,On Shoulder,3,Dark - Lighted,1,Clear,23
Hawaii,150076,1,0,1,1,1,9,MAUI (9),9300,WAILUKU HAWAIIAN HOME LAND (HISTORICAL),8,August,26,26,6,Friday,2022,16,4:00pm-4:59pm,53,53,CR-3185 E WAIKO RD,,County Road,2,Urban,5,Major Collector,2,County Highway Agency,0,No Special Jurisdiction,20.85266389,20.85266389,-156.4990333,-156.4990333,30,Utility Pole/Light Support,0,The First Harmful Event was Not a Collision with a Motor Vehicle in Transport,1,Non-Junction,1,Not an Intersection,4,On Roadside,1,Daylight,1,Clear,16
Hawaii,150077,1,0,2,3,3,3,HONOLULU (3),5400,KUNIA CAMP,9,September,1,1,5,Thursday,2022,6,6:00am-6:59am,40,40,CR-KUNIA ROAD,CR-KUNIA DRIVE,County Road,2,Urban,4,Minor Arterial,2,County Highway Agency,0,No Special Jurisdiction,21.46296667,21.46296667,-158.0559806,-158.0559806,12,Motor Vehicle In-Transport,6,Angle,2,Intersection,3,T-Intersection,1,On Roadway,1,Daylight,1,Clear,6
Hawaii,150078,1,1,1,1,1,3,HONOLULU (3),3000,KAILUA,9,September,3,3,7,Saturday,2022,5,5:00am-5:59am,31,31,SR-56 MOKAPU SADDLE RD,,State Highway,2,Urban,3,Principal Arterial - Other,1,State Highway Agency,1,No Special Jurisdiction,21.408975,21.408975,-157.7555556,-157.7555556,8,Pedestrian,0,The First Harmful Event was Not a Collision with a Motor Vehicle in Transport,1,Non-Junction,1,Not an Intersection,1,On Roadway,3,Dark - Lighted,2,Rain,5
Hawaii,150080,1,0,1,2,2,3,HONOLULU (3),100,`AIEA,9,September,14,14,4,Wednesday,2022,14,2:00pm-2:59pm,0,0,SR-99,,State Highway,2,Urban,3,Principal Arterial - Other,1,State Highway Agency,1,No Special Jurisdiction,21.37856389,21.37856389,-157.93615,-157.93615,31,"Post, Pole or Other Supports",0,The First Harmful Event was Not a Collision with a Motor Vehicle in Transport,1,Non-Junction,1,Not an Intersection,3,On Median,1,Daylight,1,Clear,14
Hawaii,150081,1,0,2,2,2,3,HONOLULU (3),6625,MILILANI TOWN,9,September,6,6,3,Tuesday,2022,12,12:00pm-12:59pm,18,18,CR-MEHEULA PARKWAY,,County Road,2,Urban,4,Minor Arterial,2,County Highway Agency,0,No Special Jurisdiction,21.45280833,21.45280833,-158.0085889,-158.0085889,12,Motor Vehicle In-Transport,6,Angle,8,Driveway Access Related,1,Not an Intersection,1,On Roadway,1,Daylight,1,Clear,12
Hawaii,150082,1,0,1,3,3,3,HONOLULU (3),3000,KAILUA,8,August,24,24,4,Wednesday,2022,20,8:00pm-8:59pm,13,13,CR-ULUKAHIKI ST,,County Road,2,Urban,7,Local,2,County Highway Agency,0,No Special Jurisdiction,21.38146111,21.38146111,-157.7572694,-157.7572694,2,Fire/Explosion,0,The First Harmful Event was Not a Collision with a Motor Vehicle in Transport,4,Driveway Access,1,Not an Intersection,1,On Roadway,3,Dark - Lighted,1,Clear,20
Hawaii,150083,1,1,1,1,1,7,KAUAI (7),8375,PRINCEVILLE,9,September,12,12,2,Monday,2022,19,7:00pm-7:59pm,30,30,SR-56,,State Highway,1,Rural,4,Minor Arterial,1,State Highway Agency,0,No Special Jurisdiction,22.20864722,22.20864722,-159.464275,-159.464275,8,Pedestrian,0,The First Harmful Event was Not a Collision with a Motor Vehicle in Transport,1,Non-Junction,1,Not an Intersection,1,On Roadway,2,Dark - Not Lighted,2,Rain,19
Hawaii,150084,1,2,1,2,2,7,KAUAI (7),3600,KAPA`A,9,September,19,19,2,Monday,2022,19,7:00pm-7:59pm,0,0,SR-56,,State Highway,2,Urban,3,Principal Arterial - Other,1,State Highway Agency,1,No Special Jurisdiction,22.08174444,22.08174444,-159.3129778,-159.3129778,8,Pedestrian,0,The First Harmful Event was Not a Collision with a Motor Vehicle in Transport,1,Non-Junction,1,Not an Intersection,1,On Roadway,3,Dark - Lighted,10,Cloudy,19
Hawaii,150085,2,0,2,2,2,9,MAUI (9),9997,Other,9,September,30,30,6,Friday,2022,20,8:00pm-8:59pm,32,32,SR-37,CR-LOWER KULA ROAD,State Highway,2,Urban,3,Principal Arterial - Other,1,State Highway Agency,1,No Special Jurisdiction,20.774325,20.774325,-156.3258528,-156.3258528,12,Motor Vehicle In-Transport,6,Angle,2,Intersection,2,Four-Way Intersection,1,On Roadway,3,Dark - Lighted,1,Clear,20
Hawaii,150086,3,0,2,2,2,1,HAWAII (1),3002,KAILUA KONA,9,September,28,28,4,Wednesday,2022,18,6:00pm-6:59pm,54,54,CR-KEALAKAA STREET,CR-KEALAKEHE STREET,County Road,2,Urban,4,Minor Arterial,2,County Highway Agency,0,No Special Jurisdiction,19.67318056,19.67318056,-155.9842611,-155.9842611,12,Motor Vehicle In-Transport,6,Angle,2,Intersection,3,T-Intersection,1,On Roadway,3,Dark - Lighted,1,Clear,18
Hawaii,150087,1,1,1,1,1,1,HAWAII (1),1900,HILO,8,August,24,24,4,Wednesday,2022,6,6:00am-6:59am,20,20,CR-2000 PUAINAKO ST,,County Road,2,Urban,6,Minor Collector,2,County Highway Agency,0,No Special Jurisdiction,19.69311944,19.69311944,-155.1030722,-155.1030722,8,Pedestrian,0,The First Harmful Event was Not a Collision with a Motor Vehicle in Transport,1,Non-Junction,1,Not an Intersection,2,On Shoulder,1,Daylight,1,Clear,6
Hawaii,150088,1,0,1,1,1,3,HONOLULU (3),8900,WAHIAWA,10,October,15,15,7,Saturday,2022,99,Unknown Hours,99,Unknown Minutes,SR-99 WILIKINA DRIVE,,State Highway,2,Urban,3,Principal Arterial - Other,1,State Highway Agency,1,No Special Jurisdiction,21.49980556,21.49980556,-158.0516639,-158.0516639,35,Embankment,0,The First Harmful Event was Not a Collision with a Motor Vehicle in Transport,1,Non-Junction,1,Not an Intersection,4,On Roadside,9,Reported as Unknown,1,Clear,15
Hawaii,150089,1,0,1,1,1,9,MAUI (9),9997,Other,11,November,2,2,4,Wednesday,2022,0,0:00am-0:59am,30,30,SR-3000 LAHAINA BYPASS,,State Highway,2,Urban,3,Principal Arterial - Other,1,State Highway Agency,1,No Special Jurisdiction,20.88541111,20.88541111,-156.6684556,-156.6684556,25,Concrete Traffic Barrier,0,The First Harmful Event was Not a Collision with a Motor Vehicle in Transport,1,Non-Junction,1,Not an Intersection,4,On Roadside,3,Dark - Lighted,1,Clear,0
Hawaii,150090,1,0,2,2,2,3,HONOLULU (3),6900,NANAKULI,11,November,2,2,4,Wednesday,2022,4,4:00am-4:59am,44,44,SR-93,,State Highway,2,Urban,3,Principal Arterial - Other,1,State Highway Agency,1,No Special Jurisdiction,21.37148611,21.37148611,-158.1370583,-158.1370583,12,Motor Vehicle In-Transport,2,Front-to-Front,1,Non-Junction,1,Not an Intersection,1,On Roadway,2,Dark - Not Lighted,1,Clear,4
Hawaii,150091,3,1,1,1,1,3,HONOLULU (3),2400,HONOLULU,11,November,2,2,4,Wednesday,2022,21,9:00pm-9:59pm,35,35,SR-92,,State Highway,2,Urban,3,Principal Arterial - Other,1,State Highway Agency,1,No Special Jurisdiction,21.333625,21.333625,-157.8910917,-157.8910917,8,Pedestrian,0,The First Harmful Event was Not a Collision with a Motor Vehicle in Transport,1,Non-Junction,1,Not an Intersection,1,On Roadway,2,Dark - Not Lighted,1,Clear,21
Hawaii,150092,1,1,1,2,2,3,HONOLULU (3),2400,HONOLULU,11,November,5,5,7,Saturday,2022,0,0:00am-0:59am,30,30,SR-92 ALA MOANA BLVD,,State Highway,2,Urban,3,Principal Arterial - Other,1,State Highway Agency,1,No Special Jurisdiction,21.29515833,21.29515833,-157.8580639,-157.8580639,8,Pedestrian,0,The First Harmful Event was Not a Collision with a Motor Vehicle in Transport,1,Non-Junction,1,Not an Intersection,1,On Roadway,3,Dark - Lighted,1,Clear,0
Hawaii,150094,3,0,2,2,2,1,HAWAII (1),1900,HILO,10,October,16,16,1,Sunday,2022,16,4:00pm-4:59pm,33,33,CR-E KAWILI ST,,County Road,2,Urban,7,Local,2,County Highway Agency,0,No Special Jurisdiction,19.70584722,19.70584722,-155.0645806,-155.0645806,12,Motor Vehicle In-Transport,1,Front-to-Rear,1,Non-Junction,1,Not an Intersection,1,On Roadway,1,Daylight,10,Cloudy,16
Hawaii,150095,1,0,1,1,1,1,HAWAII (1),7700,PAHOA,10,October,19,19,4,Wednesday,2022,22,10:00pm-10:59pm,11,11,CR-WALEA ST,,County Road,2,Urban,4,Minor Arterial,2,County Highway Agency,0,No Special Jurisdiction,19.5605,19.5605,-154.8883139,-154.8883139,39,Wall,0,The First Harmful Event was Not a Collision with a Motor Vehicle in Transport,1,Non-Junction,1,Not an Intersection,4,On Roadside,2,Dark - Not Lighted,10,Cloudy,22
Hawaii,150096,3,0,2,2,2,1,HAWAII (1),1900,HILO,10,October,28,28,6,Friday,2022,18,6:00pm-6:59pm,3,3,CR-KILAUEA AVE,CR-PALAI STREET,County Road,2,Urban,4,Minor Arterial,2,County Highway Agency,0,No Special Jurisdiction,19.67975556,19.67975556,-155.0671139,-155.0671139,12,Motor Vehicle In-Transport,6,Angle,2,Intersection,2,Four-Way Intersection,1,On Roadway,5,Dusk,1,Clear,18
Hawaii,150097,1,1,1,1,1,1,HAWAII (1),4150,KEA`AU,11,November,4,4,6,Friday,2022,20,8:00pm-8:59pm,34,34,SR-11,,State Highway,1,Rural,4,Minor Arterial,1,State Highway Agency,0,No Special Jurisdiction,19.62016667,19.62016667,-155.0427222,-155.0427222,8,Pedestrian,0,The First Harmful Event was Not a Collision with a Motor Vehicle in Transport,1,Non-Junction,1,Not an Intersection,2,On Shoulder,2,Dark - Not Lighted,2,Rain,20
Hawaii,150098,4,0,2,2,2,3,HONOLULU (3),9400,WAIMANALO,11,November,5,5,7,Saturday,2022,19,7:00pm-7:59pm,30,30,SR-72,,State Highway,2,Urban,3,Principal Arterial - Other,1,State Highway Agency,1,No Special Jurisdiction,21.32415833,21.32415833,-157.6795778,-157.6795778,12,Motor Vehicle In-Transport,1,Front-to-Rear,1,Non-Junction,1,Not an Intersection,1,On Roadway,3,Dark - Lighted,1,Clear,19
Hawaii,150099,1,0,1,1,1,3,HONOLULU (3),8900,WAHIAWA,11,November,8,8,3,Tuesday,2022,21,9:00pm-9:59pm,0,0,SR-99 WILIKINA DRIVE,CR-FUNSTON GATE ROAD,State Highway,2,Urban,3,Principal Arterial - Other,2,County Highway Agency,1,No Special Jurisdiction,21.49446389,21.49446389,-158.0502917,-158.0502917,33,Curb,0,The First Harmful Event was Not a Collision with a Motor Vehicle in Transport,3,Intersection-Related,3,T-Intersection,4,On Roadside,3,Dark - Lighted,1,Clear,21
Hawaii,150100,3,0,1,1,1,3,HONOLULU (3),3627,KAPOLEI,11,November,9,9,4,Wednesday,2022,13,1:00pm-1:59pm,0,0,I-H1,,Interstate,2,Urban,1,Interstate,1,State Highway Agency,1,No Special Jurisdiction,21.37120556,21.37120556,-158.0547333,-158.0547333,25,Concrete Traffic Barrier,0,The First Harmful Event was Not a Collision with a Motor Vehicle in Transport,1,Non-Junction,1,Not an Intersection,3,On Median,1,Daylight,1,Clear,13
Hawaii,150101,1,0,2,4,4,3,HONOLULU (3),9997,Other,11,November,9,9,4,Wednesday,2022,14,2:00pm-2:59pm,20,20,CR-GEIGER ROAD,CR-KAMAKANA STREET,County Road,2,Urban,4,Minor Arterial,2,County Highway Agency,0,No Special Jurisdiction,21.32816389,21.32816389,-158.0382361,-158.0382361,12,Motor Vehicle In-Transport,6,Angle,2,Intersection,3,T-Intersection,1,On Roadway,1,Daylight,1,Clear,14
Hawaii,150102,2,1,1,2,2,3,HONOLULU (3),2400,HONOLULU,11,November,12,12,7,Saturday,2022,22,10:00pm-10:59pm,51,51,SR-92 NIMITZ HWY,CR-KALIHI STREET,State Highway,2,Urban,3,Principal Arterial - Other,1,State Highway Agency,1,No Special Jurisdiction,21.32441667,21.32441667,-157.8821472,-157.8821472,8,Pedestrian,0,The First Harmful Event was Not a Collision with a Motor Vehicle in Transport,3,Intersection-Related,2,Four-Way Intersection,1,On Roadway,3,Dark - Lighted,2,Rain,22
Hawaii,150103,1,1,1,1,1,3,HONOLULU (3),3000,KAILUA,11,November,16,16,4,Wednesday,2022,18,6:00pm-6:59pm,5,5,SR-72,CR-KANAPUU DRIVE,State Highway,2,Urban,3,Principal Arterial - Other,1,State Highway Agency,1,No Special Jurisdiction,21.36241389,21.36241389,-157.736325,-157.736325,8,Pedestrian,0,The First Harmful Event was Not a Collision with a Motor Vehicle in Transport,2,Intersection,3,T-Intersection,1,On Roadway,5,Dusk,1,Clear,18
Hawaii,150104,2,0,1,1,1,3,HONOLULU (3),501,`EWA BEACH,11,November,21,21,2,Monday,2022,19,7:00pm-7:59pm,29,29,CR-7146 RENTON RD,,County Road,2,Urban,5,Major Collector,2,County Highway Agency,0,No Special Jurisdiction,21.33994444,21.33994444,-158.0374833,-158.0374833,33,Curb,0,The First Harmful Event was Not a Collision with a Motor Vehicle in Transport,1,Non-Junction,1,Not an Intersection,4,On Roadside,3,Dark - Lighted,1,Clear,19
Hawaii,150105,2,0,1,2,2,3,HONOLULU (3),2400,HONOLULU,11,November,25,25,6,Friday,2022,8,8:00am-8:59am,32,32,CR-ALA WAI BLVD,,County Road,2,Urban,4,Minor Arterial,2,County Highway Agency,0,No Special Jurisdiction,21.27758056,21.27758056,-157.8209333,-157.8209333,33,Curb,0,The First Harmful Event was Not a Collision with a Motor Vehicle in Transport,1,Non-Junction,1,Not an Intersection,4,On Roadside,1,Daylight,1,Clear,8
Hawaii,150106,1,1,1,1,1,3,HONOLULU (3),501,`EWA BEACH,12,December,2,2,6,Friday,2022,5,5:00am-5:59am,45,45,SR-9 FORT WEAVER RD,,State Highway,2,Urban,2,Principal Arterial - Other Freeways and Expressways,1,State Highway Agency,1,No Special Jurisdiction,21.37234722,21.37234722,-158.0259861,-158.0259861,8,Pedestrian,0,The First Harmful Event was Not a Collision with a Motor Vehicle in Transport,1,Non-Junction,1,Not an Intersection,1,On Roadway,3,Dark - Lighted,1,Clear,5
Hawaii,150107,1,0,2,3,3,3,HONOLULU (3),1000,HALE`IWA,12,December,8,8,5,Thursday,2022,23,11:00pm-11:59pm,20,20,SR-83,,State Highway,2,Urban,3,Principal Arterial - Other,1,State Highway Agency,1,No Special Jurisdiction,21.62671111,21.62671111,-158.0744833,-158.0744833,12,Motor Vehicle In-Transport,2,Front-to-Front,1,Non-Junction,1,Not an Intersection,1,On Roadway,3,Dark - Lighted,1,Clear,23
Hawaii,150108,1,0,2,2,2,3,HONOLULU (3),2400,HONOLULU,11,November,25,25,6,Friday,2022,14,2:00pm-2:59pm,13,13,CR-7502 S BERETANIA ST,,County Road,2,Urban,3,Principal Arterial - Other,2,County Highway Agency,1,No Special Jurisdiction,21.30079444,21.30079444,-157.8411306,-157.8411306,12,Motor Vehicle In-Transport,7,Sideswipe - Same Direction,1,Non-Junction,1,Not an Intersection,1,On Roadway,1,Daylight,1,Clear,14
Hawaii,150109,1,1,1,1,1,3,HONOLULU (3),9600,WAIPAHU,11,November,26,26,7,Saturday,2022,18,6:00pm-6:59pm,15,15,CR-7172 MOKUOLA ST,,County Road,2,Urban,6,Minor Collector,2,County Highway Agency,0,No Special Jurisdiction,21.38543056,21.38543056,-158.0031528,-158.0031528,8,Pedestrian,0,The First Harmful Event was Not a Collision with a Motor Vehicle in Transport,1,Non-Junction,1,Not an Intersection,1,On Roadway,3,Dark - Lighted,1,Clear,18
Hawaii,150110,2,0,2,2,2,9,MAUI (9),2900,KAHULUI,12,December,13,13,3,Tuesday,2022,6,6:00am-6:59am,37,37,CR-KAHULUI BEACH ROAD,CR-WAHINEPIO AVE,County Road,2,Urban,4,Minor Arterial,2,County Highway Agency,0,No Special Jurisdiction,20.89385556,20.89385556,-156.4779028,-156.4779028,12,Motor Vehicle In-Transport,6,Angle,2,Intersection,3,T-Intersection,1,On Roadway,4,Dawn,10,Cloudy,6
Hawaii,150111,1,1,1,1,1,3,HONOLULU (3),2400,HONOLULU,12,December,16,16,6,Friday,2022,20,8:00pm-8:59pm,52,52,CR-N KING ST,,County Road,2,Urban,3,Principal Arterial - Other,2,County Highway Agency,1,No Special Jurisdiction,21.32121667,21.32121667,-157.8667278,-157.8667278,8,Pedestrian,0,The First Harmful Event was Not a Collision with a Motor Vehicle in Transport,1,Non-Junction,1,Not an Intersection,1,On Roadway,3,Dark - Lighted,10,Cloudy,20
Hawaii,150112,1,0,1,1,1,3,HONOLULU (3),3500,KANE`OHE,12,December,22,22,5,Thursday,2022,14,2:00pm-2:59pm,45,45,SR-83,,State Highway,2,Urban,3,Principal Arterial - Other,1,State Highway Agency,1,No Special Jurisdiction,21.45183056,21.45183056,-157.8231417,-157.8231417,24,Guardrail Face,0,The First Harmful Event was Not a Collision with a Motor Vehicle in Transport,1,Non-Junction,1,Not an Intersection,4,On Roadside,1,Daylight,1,Clear,14
Hawaii,150113,1,0,1,2,2,3,HONOLULU (3),2400,HONOLULU,12,December,26,26,2,Monday,2022,19,7:00pm-7:59pm,35,35,SR-72,,State Highway,2,Urban,3,Principal Arterial - Other,1,State Highway Agency,1,No Special Jurisdiction,21.27304722,21.27304722,-157.6888111,-157.6888111,24,Guardrail Face,0,The First Harmful Event was Not a Collision with a Motor Vehicle in Transport,1,Non-Junction,1,Not an Intersection,4,On Roadside,2,Dark - Not Lighted,1,Clear,19
Hawaii,150114,1,2,2,2,1,7,KAUAI (7),6200,LIHU`E,11,November,22,22,3,Tuesday,2022,20,8:00pm-8:59pm,45,45,SR-51,,State Highway,2,Urban,3,Principal Arterial - Other,1,State Highway Agency,1,No Special Jurisdiction,21.97071389,21.97071389,-159.3627083,-159.3627083,9,Pedalcyclist,0,The First Harmful Event was Not a Collision with a Motor Vehicle in Transport,1,Non-Junction,1,Not an Intersection,1,On Roadway,3,Dark - Lighted,10,Cloudy,20
Hawaii,150115,1,0,1,1,1,1,HAWAII (1),1900,HILO,12,December,17,17,7,Saturday,2022,9,9:00am-9:59am,16,16,SR-11,,State Highway,2,Urban,3,Principal Arterial - Other,1,State Highway Agency,1,No Special Jurisdiction,19.65756111,19.65756111,-155.0561222,-155.0561222,24,Guardrail Face,0,The First Harmful Event was Not a Collision with a Motor Vehicle in Transport,1,Non-Junction,1,Not an Intersection,4,On Roadside,1,Daylight,1,Clear,9
